"pitches","player_id","player_name","total_pitches","pitch_percent","ba","iso","babip","slg","woba","xwoba","xba","hits","abs","launch_speed","launch_angle","spin_rate","velocity","effective_speed","whiffs","swings","takes","eff_min_vel","release_extension","pos3_int_start_distance","pos4_int_start_distance","pos5_int_start_distance","pos6_int_start_distance","pos7_int_start_distance","pos8_int_start_distance","pos9_int_start_distance"
"35",592885,"Christian Yelich","1593","2.2","1.000","3.000","null","4.000","1.993","1.472","0.763","35","35","105.8","28.7","2272","88.5","88.46","0","35","0","0.0","6.15","117","151","121","150","296","320","304"
"34",641355,"Cody Bellinger","1738","2.0","1.000","3.000","null","4.000","1.993","1.464","0.772","34","34","104.3","27.7","2210","87.7","87.48","0","34","0","-0.2","5.95","115","155","130","157","303","327","308"
"33",545361,"Mike Trout","1776","1.9","1.000","3.000","null","4.000","1.993","1.682","0.862","33","33","107.8","27.9","2185","88.3","87.75","0","33","0","-0.5","5.97","104","151","121","144","309","328","302"
"33",624413,"Pete Alonso","1727","1.9","1.000","3.000","null","4.000","1.993","1.555","0.818","33","33","108.4","28.2","2220","89.6","89.05","0","33","0","-0.6","6.01","105","152","118","146","305","329","305"
"30",429665,"Edwin Encarnacion","1828","1.6","1.000","3.000","null","4.000","1.993","1.443","0.781","30","30","105.7","26.2","2169","89.1","89.14","0","30","0","0.0","6.18","108","154","121","147","303","323","294"
"28",592669,"Hunter Renfroe","1331","2.1","1.000","3.000","null","4.000","1.993","1.340","0.708","28","28","105.2","28.4","2295","89.8","89.52","0","28","0","-0.3","5.98","106","151","118","144","306","335","305"
"27",553993,"Eugenio Suarez","1745","1.5","1.000","3.000","null","4.000","1.993","1.313","0.679","27","27","102.1","29.5","2177","90.1","90.02","0","27","0","-0.1","6.11","104","151","116","145","303","323","295"
"27",605137,"Josh Bell","1711","1.6","1.000","3.000","null","4.000","1.993","1.507","0.791","27","27","106.5","26.8","2192","88.8","88.59","0","27","0","-0.2","6.07","116","151","118","150","298","325","301"
"27",624585,"Jorge Soler","1707","1.6","1.000","3.000","null","4.000","1.993","1.550","0.785","27","27","106.5","29.6","2286","89.1","88.67","0","27","0","-0.4","5.87","107","154","120","146","304","330","304"
"26",608324,"Alex Bregman","1910","1.4","1.000","3.000","null","4.000","1.993","0.954","0.529","26","26","100.3","29.6","2244","90.2","89.96","0","26","0","-0.2","6.14","107","153","118","147","301","326","295"
"26",519058,"Mike Moustakas","1582","1.6","1.000","3.000","null","4.000","1.993","1.411","0.745","26","26","104.2","28.5","2205","88.3","87.82","0","26","0","-0.5","5.96","113","157","127","148","298","325","303"
"26",571970,"Max Muncy","1772","1.5","1.000","3.000","null","4.000","1.993","1.392","0.718","26","26","104.0","30.1","2253","90.4","90.39","0","26","0","0.0","6.05","116","156","129","153","302","329","309"
"26",614177,"Franmil Reyes","1286","2.0","1.000","3.000","null","4.000","1.993","1.606","0.844","26","26","107.0","27.1","2313","88.7","88.40","0","26","0","-0.3","6.01","112","154","121","148","311","330","303"
"25",596129,"Daniel Vogelbach","1670","1.5","1.000","3.000","null","4.000","1.993","1.471","0.802","25","25","106.2","26.1","2180","91.4","91.31","0","25","0","-0.1","6.05","119","162","133","151","294","325","301"
"25",595879,"Javier Baez","1569","1.6","1.000","3.000","null","4.000","1.993","1.569","0.824","25","25","105.0","26.8","2332","88.9","88.51","0","25","0","-0.4","5.89","113","152","115","146","303","329","300"
"25",518692,"Freddie Freeman","1805","1.4","1.000","3.000","null","4.000","1.993","1.422","0.730","25","25","104.7","29.8","2188","92.2","91.96","0","25","0","-0.2","6.06","110","160","134","151","302","330","307"
"25",592518,"Manny Machado","1564","1.6","1.000","3.000","null","4.000","1.993","1.267","0.719","25","25","104.9","25.2","2249","90.2","89.94","0","25","0","-0.3","6.02","111","152","118","148","308","330","299"
"25",596146,"Max Kepler","1491","1.7","1.000","3.000","null","4.000","1.993","1.175","0.670","25","25","102.6","25.2","2276","87.9","87.36","0","25","0","-0.5","5.90","118","157","121","152","296","326","298"
"24",596142,"Gary Sanchez","1352","1.8","1.000","3.000","null","4.000","1.993","1.622","0.858","24","24","109.2","26.8","2293","89.5","89.01","0","24","0","-0.5","5.97","107","152","120","144","308","332","297"
"24",660670,"Ronald Acuna Jr.","2009","1.2","1.000","3.000","null","4.000","1.993","1.709","0.861","24","24","108.7","29.3","2303","87.8","87.31","0","24","0","-0.5","5.89","111","154","117","146","314","331","302"
"24",457803,"Jay Bruce","1130","2.1","1.000","3.000","null","4.000","1.993","1.405","0.742","24","24","103.7","28.4","2187","89.3","89.31","0","24","0","0.0","6.24","115","166","133","148","297","320","303"
"24",600524,"Renato Nunez","1540","1.6","1.000","3.000","null","4.000","1.993","1.526","0.817","24","24","107.3","27.5","2106","87.5","87.00","0","24","0","-0.5","5.88","107","153","117","147","299","326","297"
"23",594777,"Kole Calhoun","1534","1.5","1.000","3.000","null","4.000","1.993","1.328","0.694","23","23","103.0","29.9","2230","88.4","87.77","0","23","0","-0.6","5.82","115","161","116","150","297","322","303"
"23",592626,"Joc Pederson","1342","1.7","1.000","3.000","null","4.000","1.993","1.323","0.724","23","23","105.0","27.0","2288","89.5","89.55","0","23","0","0.1","6.09","121","157","116","158","303","326","303"
"23",543807,"George Springer","1321","1.7","1.000","3.000","null","4.000","1.993","1.563","0.841","23","23","106.7","25.0","2255","89.3","88.64","0","23","0","-0.7","5.92","110","153","119","148","297","327","296"
"23",518626,"Josh Donaldson","1707","1.3","1.000","3.000","null","4.000","1.993","1.633","0.842","23","23","105.3","27.3","2281","89.8","89.86","0","23","0","0.1","6.11","106","151","118","146","314","330","300"
"22",608336,"Joey Gallo","1308","1.7","1.000","3.000","null","4.000","1.993","1.724","0.860","22","22","109.2","30.7","2369","89.6","88.75","0","22","0","-0.8","5.95","114","162","137","149","308","330","305"
"22",656305,"Matt Chapman","1784","1.2","1.000","3.000","null","4.000","1.993","1.577","0.837","22","22","105.9","26.0","2269","88.5","88.09","0","22","0","-0.4","5.95","109","151","120","146","305","324","294"
"22",656941,"Kyle Schwarber","1626","1.4","1.000","3.000","null","4.000","1.993","1.536","0.792","22","22","106.7","28.4","2239","91.0","90.80","0","22","0","-0.2","6.01","119","162","116","155","297","326","308"
"22",641820,"Trey Mancini","1660","1.3","1.000","3.000","null","4.000","1.993","1.369","0.760","22","22","104.9","25.8","2208","89.9","89.31","0","22","0","-0.6","5.83","110","152","121","148","306","321","289"
"22",596115,"Trevor Story","1658","1.3","1.000","3.000","null","4.000","1.993","1.371","0.710","22","22","103.9","30.3","2278","88.0","87.88","0","22","0","-0.1","5.93","107","152","119","147","318","337","305"
"22",624577,"Yasiel Puig","1371","1.6","1.000","3.000","null","4.000","1.993","1.396","0.774","22","22","104.5","25.6","2310","88.9","88.67","0","22","0","-0.2","5.97","102","150","116","149","306","323","296"
"22",606466,"Ketel Marte","1655","1.3","1.000","3.000","null","4.000","1.993","1.400","0.760","22","22","104.6","26.3","2220","86.4","86.14","0","22","0","-0.3","5.98","108","149","103","148","303","329","303"
"22",547989,"Jose Abreu","1663","1.3","1.000","3.000","null","4.000","1.993","1.626","0.855","22","22","105.6","26.1","2229","89.0","88.88","0","22","0","-0.1","6.11","109","151","118","146","300","324","297"
"22",500871,"Eduardo Escobar","1701","1.3","1.000","3.000","null","4.000","1.993","1.065","0.566","22","22","101.0","30.4","2265","87.5","86.94","0","22","0","-0.6","5.83","106","149","113","148","301","329","301"
"22",571448,"Nolan Arenado","1536","1.4","1.000","3.000","null","4.000","1.993","1.188","0.631","22","22","101.9","29.5","2310","87.8","87.58","0","22","0","-0.2","5.90","108","152","119","148","312","332","305"
"22",592696,"Eddie Rosario","1253","1.8","1.000","3.000","null","4.000","1.993","1.196","0.626","22","22","101.9","30.0","2150","88.6","88.19","0","22","0","-0.4","5.99","115","148","115","149","298","324","300"
"22",443558,"Nelson Cruz","1348","1.6","1.000","3.000","null","4.000","1.993","1.642","0.831","22","22","106.9","28.5","2123","90.1","89.68","0","22","0","-0.4","5.97","106","153","121","147","311","331","293"
"21",592178,"Kris Bryant","1658","1.3","1.000","3.000","null","4.000","1.993","1.416","0.740","21","21","103.8","28.6","2281","91.5","91.42","0","21","0","-0.1","6.14","109","151","118","146","302","325","300"
"21",656555,"Rhys Hoskins","2067","1.0","1.000","3.000","null","4.000","1.993","1.049","0.540","21","21","102.1","33.0","2367","87.5","87.26","0","21","0","-0.2","6.21","106","150","116","145","300","327","299"
"21",593428,"Xander Bogaerts","1837","1.1","1.000","3.000","null","4.000","1.993","1.253","0.665","21","21","102.4","28.6","2181","89.2","89.38","0","21","0","0.2","6.03","113","152","119","148","292","326","296"
"21",453568,"Charlie Blackmon","1494","1.4","1.000","3.000","null","4.000","1.993","1.162","0.594","21","21","101.8","31.7","2298","87.2","87.16","0","21","0","0.0","5.96","120","150","116","154","302","337","312"
"21",543685,"Anthony Rendon","1523","1.4","1.000","3.000","null","4.000","1.993","1.260","0.669","21","21","102.1","30.0","2206","89.1","88.99","0","21","0","-0.1","6.16","110","152","117","147","300","322","302"
"21",467793,"Carlos Santana","1757","1.2","1.000","3.000","null","4.000","1.993","1.419","0.752","21","21","103.2","27.3","2259","88.0","87.79","0","21","0","-0.2","6.08","119","170","127","151","296","325","305"
"21",502671,"Paul Goldschmidt","1809","1.2","1.000","3.000","null","4.000","1.993","1.638","0.831","21","21","106.0","28.9","2183","90.3","90.41","0","21","0","0.1","6.26","101","151","120","145","311","328","297"
"21",621566,"Matt Olson","1229","1.7","1.000","3.000","null","4.000","1.993","1.522","0.787","21","21","104.4","28.2","2152","88.4","88.10","0","21","0","-0.3","6.03","112","163","122","149","296","325","300"
"20",502110,"J.D. Martinez","1513","1.3","1.000","3.000","null","4.000","1.993","1.568","0.805","20","20","104.8","27.8","2014","87.9","87.50","0","20","0","-0.4","6.11","108","152","121","147","295","327","305"
"20",542303,"Marcell Ozuna","1320","1.5","1.000","3.000","null","4.000","1.993","1.490","0.785","20","20","106.0","27.6","2339","89.2","89.22","0","20","0","0.0","6.16","107","152","119","146","307","326","299"
"20",493329,"Yuli Gurriel","1383","1.4","1.000","3.000","null","4.000","1.993","0.979","0.586","20","20","99.8","25.2","2306","88.9","88.31","0","20","0","-0.6","5.81","105","148","118","142","296","331","297"
"20",650402,"Gleyber Torres","1597","1.3","1.000","3.000","null","4.000","1.993","1.317","0.691","20","20","101.7","28.7","2124","88.6","87.78","0","20","0","-0.8","5.90","107","151","119","145","309","326","288"
"20",657656,"Ramon Laureano","1631","1.2","1.000","3.000","null","4.000","1.993","1.356","0.730","20","20","103.3","26.9","2191","88.5","87.91","0","20","0","-0.6","5.86","109","149","113","143","303","321","288"
"20",646240,"Rafael Devers","1606","1.2","1.000","3.000","null","4.000","1.993","1.413","0.739","20","20","105.1","28.2","2247","88.5","88.26","0","20","0","-0.2","6.12","115","152","120","152","291","331","310"
"20",519203,"Anthony Rizzo","1707","1.2","1.000","3.000","null","4.000","1.993","1.377","0.733","20","20","104.5","27.6","2271","88.8","88.49","0","20","0","-0.3","5.98","108","157","125","146","297","326","303"
"19",518735,"Yasmani Grandal","1624","1.2","1.000","3.000","null","4.000","1.993","1.341","0.710","19","19","103.3","27.7","2224","89.5","88.99","0","19","0","-0.5","5.88","111","155","121","152","299","324","301"
"19",518618,"Derek Dietrich","1019","1.9","1.000","3.000","null","4.000","1.993","1.254","0.664","19","19","102.6","28.4","2128","89.7","89.62","0","19","0","-0.1","6.16","115","148","115","148","291","321","299"
"19",641598,"Mitch Garver","866","2.2","1.000","3.000","null","4.000","1.993","1.293","0.701","19","19","102.2","26.8","2278","91.2","91.21","0","19","0","0.0","6.22","107","148","117","144","300","323","291"
"19",575929,"Willson Contreras","1211","1.6","1.000","3.000","null","4.000","1.993","1.375","0.741","19","19","105.2","27.5","2194","87.2","86.76","0","19","0","-0.4","5.96","111","153","115","147","303","325","294"
"19",572233,"Christian Walker","1573","1.2","1.000","3.000","null","4.000","1.993","1.599","0.834","19","19","106.1","27.1","2413","91.3","90.98","0","19","0","-0.3","6.01","108","152","115","146","308","327","301"
"19",570267,"Domingo Santana","1834","1.0","1.000","3.000","null","4.000","1.993","1.537","0.794","19","19","105.1","29.7","2385","88.4","88.07","0","19","0","-0.3","5.94","110","152","119","148","302","318","292"
"19",572228,"Luke Voit","1556","1.2","1.000","3.000","null","4.000","1.993","1.641","0.828","19","19","106.1","29.3","2421","88.3","87.70","0","19","0","-0.6","5.90","107","153","120","147","308","326","292"
"18",624424,"Michael Conforto","1578","1.1","1.000","3.000","null","4.000","1.993","1.629","0.820","18","18","106.5","30.4","2162","88.9","88.85","0","18","0","0.0","6.23","120","160","123","153","296","326","305"
"18",666971,"Lourdes Gurriel Jr.","989","1.8","1.000","3.000","null","4.000","1.993","1.382","0.720","18","18","103.9","28.9","2254","86.0","85.41","0","18","0","-0.6","5.79","108","151","119","146","303","331","295"
"18",660162,"Yoan Moncada","1568","1.1","1.000","3.000","null","4.000","1.993","1.622","0.842","18","18","106.2","27.3","2076","88.8","88.79","0","18","0","0.0","6.18","112","146","120","139","297","320","299"
"18",657557,"Paul DeJong","1641","1.1","1.000","3.000","null","4.000","1.993","1.341","0.704","18","18","103.4","28.5","2285","89.2","89.31","0","18","0","0.1","6.19","105","152","119","145","309","326","299"
"18",596059,"Rougned Odor","1382","1.3","1.000","3.000","null","4.000","1.993","1.418","0.747","18","18","105.1","28.3","2159","86.4","85.81","0","18","0","-0.6","5.82","118","159","108","146","297","323","302"
"18",543068,"C.J. Cron","1354","1.3","1.000","3.000","null","4.000","1.993","1.556","0.832","18","18","108.2","26.2","2088","87.6","87.02","0","18","0","-0.6","5.89","107","151","118","144","307","329","296"
"17",621020,"Dansby Swanson","1752","1.0","1.000","3.000","null","4.000","1.993","1.395","0.738","17","17","102.8","28.1","2302","91.7","91.36","0","17","0","-0.3","5.97","103","147","111","144","309","322","292"
"17",650391,"Eloy Jimenez","1010","1.7","1.000","3.000","null","4.000","1.993","1.584","0.819","17","17","106.8","27.1","2254","89.4","89.30","0","17","0","-0.1","6.11","99","149","117","143","304","327","298"
"17",547180,"Bryce Harper","1831","0.9","1.000","3.000","null","4.000","1.993","1.705","0.899","17","17","108.7","26.4","2238","90.5","90.53","0","17","0","0.0","6.13","109","150","120","149","297","327","303"
"17",475253,"Justin Smoak","1420","1.2","1.000","3.000","null","4.000","1.993","1.456","0.764","17","17","103.8","28.3","2215","89.5","88.91","0","17","0","-0.6","5.84","106","158","135","153","297","331","307"
"17",665742,"Juan Soto","1668","1.0","1.000","3.000","null","4.000","1.993","1.536","0.787","17","17","105.8","29.1","2222","89.8","89.82","0","17","0","0.0","6.17","107","149","115","151","302","326","307"
"17",516782,"Starling Marte","1456","1.2","1.000","3.000","null","4.000","1.993","1.577","0.827","17","17","105.0","27.5","2271","89.1","88.88","0","17","0","-0.2","5.94","103","146","108","143","300","321","291"
"17",425783,"Shin-Soo Choo","1749","1.0","1.000","3.000","null","4.000","1.993","1.368","0.708","17","17","104.5","29.1","2394","89.2","88.53","0","17","0","-0.7","5.87","121","157","123","145","293","323","305"
"16",593934,"Miguel Sano","956","1.7","1.000","3.000","null","4.000","1.993","1.688","0.845","16","16","107.3","30.2","2182","88.7","88.30","0","16","0","-0.4","5.92","108","152","120","146","308","330","300"
"16",501981,"Khris Davis","1351","1.2","1.000","3.000","null","4.000","1.993","1.458","0.753","16","16","103.5","29.3","2150","86.6","85.55","0","16","0","-1.1","5.68","107","153","132","145","308","331","299"
"16",502054,"Tommy Pham","1745","0.9","1.000","3.000","null","4.000","1.993","1.407","0.746","16","16","103.9","26.8","2185","87.4","86.73","0","16","0","-0.7","5.74","110","152","117","148","302","326","293"
"16",600303,"Tommy La Stella","1177","1.4","1.000","3.000","null","4.000","1.993","1.277","0.686","16","16","101.7","27.3","2294","89.9","89.38","0","16","0","-0.5","5.96","115","147","110","151","292","320","301"
"16",596019,"Francisco Lindor","1383","1.2","1.000","3.000","null","4.000","1.993","1.207","0.657","16","16","103.5","28.6","2188","89.1","88.74","0","16","0","-0.4","5.93","114","152","111","151","291","323","300"
"16",665487,"Fernando Tatis Jr.","1105","1.4","1.000","3.000","null","4.000","1.993","1.422","0.738","16","16","105.3","29.3","2311","90.6","90.23","0","16","0","-0.4","6.04","106","151","109","147","307","323","296"
"16",663586,"Austin Riley","896","1.8","1.000","3.000","null","4.000","1.993","1.471","0.749","16","16","104.3","28.9","2320","89.3","89.08","0","16","0","-0.2","5.95","103","148","116","144","313","329","299"
"16",571771,"Enrique Hernandez","1446","1.1","1.000","3.000","null","4.000","1.993","1.258","0.683","16","16","102.9","26.9","2139","88.2","87.84","0","16","0","-0.4","5.97","106","151","115","148","301","324","299"
"16",547379,"Roberto Perez","1180","1.4","1.000","3.000","null","4.000","1.993","1.427","0.759","16","16","105.0","27.3","2235","90.6","90.36","0","16","0","-0.2","6.13","109","151","117","148","296","321","293"
"16",545341,"Randal Grichuk","1556","1.0","1.000","3.000","null","4.000","1.993","1.407","0.747","16","16","103.6","27.1","2175","89.1","88.53","0","16","0","-0.6","5.88","104","154","120","146","298","331","298"
"16",664040,"Brandon Lowe","1221","1.3","1.000","3.000","null","4.000","1.993","1.363","0.690","16","16","104.1","31.8","2043","88.5","87.91","0","16","0","-0.6","5.88","113","152","108","152","293","324","302"
"16",553882,"Omar Narvaez","1361","1.2","1.000","3.000","null","4.000","1.993","1.064","0.560","16","16","100.8","31.0","2176","91.4","90.94","0","16","0","-0.5","5.94","118","152","123","152","285","317","300"
"16",656308,"Michael Chavis","1307","1.2","1.000","3.000","null","4.000","1.993","1.557","0.800","16","16","106.0","28.2","2235","86.3","87.51","0","16","0","1.2","6.04","103","152","122","147","296","325","302"
"16",543877,"Christian Vazquez","1214","1.3","1.000","3.000","null","4.000","1.993","1.074","0.576","16","16","100.8","29.1","2177","89.1","89.21","0","16","0","0.1","6.26","110","152","121","151","301","323","290"
"16",592192,"Mark Canha","1056","1.5","1.000","3.000","null","4.000","1.993","1.425","0.737","16","16","103.3","28.9","2162","89.0","88.52","0","16","0","-0.5","5.94","108","153","120","146","300","325","290"
"15",571431,"Matt Adams","833","1.8","1.000","3.000","null","4.000","1.993","1.531","0.775","15","15","105.9","29.7","2202","90.7","90.17","0","15","0","-0.5","5.83","117","169","120","154","300","326","304"
"15",605141,"Mookie Betts","1998","0.8","1.000","3.000","null","4.000","1.993","1.456","0.757","15","15","103.0","28.3","2125","90.2","89.84","0","15","0","-0.4","6.02","109","153","121","145","296","326","301"
"15",405395,"Albert Pujols","1247","1.2","1.000","3.000","null","4.000","1.993","1.355","0.728","15","15","103.1","26.3","2191","87.2","86.92","0","15","0","-0.3","6.02","108","155","124","148","304","324","296"
"15",514888,"Jose Altuve","1044","1.4","1.000","3.000","null","4.000","1.993","1.638","0.832","15","15","105.6","29.0","2287","91.0","90.64","0","15","0","-0.4","6.01","108","151","106","145","291","325","288"
"15",518792,"Jason Heyward","1409","1.1","1.000","3.000","null","4.000","1.993","1.050","0.618","15","15","102.3","26.2","2280","89.3","89.43","0","15","0","0.1","6.16","121","162","126","151","293","322","306"
"15",518934,"DJ LeMahieu","1561","1.0","1.000","3.000","null","4.000","1.993","1.219","0.687","15","15","101.9","26.0","2182","87.6","87.34","0","15","0","-0.3","5.94","111","154","118","151","309","321","283"
"15",641531,"Hunter Dozier","1284","1.2","1.000","3.000","null","4.000","1.993","1.273","0.674","15","15","104.4","29.4","2348","90.4","89.67","0","15","0","-0.7","5.84","109","153","115","147","303","327","299"
"15",458731,"Brett Gardner","1492","1.0","1.000","3.000","null","4.000","1.993","0.952","0.562","15","15","101.0","27.1","2260","91.0","92.03","0","15","0","1.0","6.05","104","150","105","146","286","317","297"
"15",593871,"Jorge Polanco","1792","0.8","1.000","3.000","null","4.000","1.993","1.239","0.659","15","15","102.3","29.3","2186","90.0","89.66","0","15","0","-0.3","6.03","106","148","108","152","294","320","297"
"15",543760,"Marcus Semien","1928","0.8","1.000","3.000","null","4.000","1.993","1.304","0.688","15","15","101.6","28.1","2190","90.3","90.26","0","15","0","0.0","6.11","110","150","114","144","306","321","286"
"15",452254,"Hunter Pence","934","1.6","1.000","3.000","null","4.000","1.993","1.224","0.660","15","15","104.3","29.6","2315","86.3","86.10","0","15","0","-0.2","6.06","109","151","119","146","304","324","296"
"15",460075,"Ryan Braun","1266","1.2","1.000","3.000","null","4.000","1.993","1.604","0.869","15","15","106.0","25.7","2271","90.3","89.97","0","15","0","-0.3","6.08","109","151","117","148","304","323","295"
"15",640457,"Austin Meadows","1455","1.0","1.000","3.000","null","4.000","1.993","1.319","0.710","15","15","103.2","28.3","2235","86.4","85.79","0","15","0","-0.6","5.89","116","151","129","153","289","322","300"
"15",596748,"Maikel Franco","1165","1.3","1.000","3.000","null","4.000","1.993","1.504","0.834","15","15","106.0","24.4","2140","90.3","90.34","0","15","0","0.0","6.26","106","148","114","143","301","322","297"
"15",570731,"Jonathan Schoop","1183","1.3","1.000","3.000","null","4.000","1.993","1.513","0.826","15","15","106.3","25.3","2394","83.9","83.10","0","15","0","-0.8","5.84","109","151","118","145","304","317","290"
"15",520471,"Freddy Galvis","1556","1.0","1.000","3.000","null","4.000","1.993","0.920","0.502","15","15","100.9","31.3","2270","90.0","89.87","0","15","0","-0.1","6.15","106","142","102","144","283","317","294"
"15",488726,"Michael Brantley","1533","1.0","1.000","3.000","null","4.000","1.993","1.146","0.618","15","15","101.0","28.0","2181","88.6","88.18","0","15","0","-0.4","6.09","112","157","122","150","284","323","302"
"15",571745,"Mitch Haniger","1222","1.2","1.000","3.000","null","4.000","1.993","1.525","0.768","15","15","104.0","29.9","2216","89.0","88.46","0","15","0","-0.5","5.87","106","148","120","143","298","315","292"
"14",519346,"Eric Thames","1180","1.2","1.000","3.000","null","4.000","1.993","1.157","0.600","14","14","101.4","30.2","2334","90.5","90.53","0","14","0","0.0","6.19","122","165","140","156","298","326","308"
"14",650490,"Yandy Diaz","1295","1.1","1.000","3.000","null","4.000","1.993","1.107","0.666","14","14","103.8","24.1","2194","87.3","86.99","0","14","0","-0.3","6.15","110","153","121","150","303","327","288"
"14",645302,"Victor Robles","1411","1.0","1.000","3.000","null","4.000","1.993","1.346","0.715","14","14","103.4","28.6","2349","86.8","86.37","0","14","0","-0.4","6.00","103","146","101","146","304","322","297"
"14",542921,"Tim Beckham","1230","1.1","1.000","3.000","null","4.000","1.993","1.508","0.785","14","14","104.2","27.9","2209","89.8","89.33","0","14","0","-0.5","5.96","102","148","112","146","297","314","287"
"14",660271,"Shohei Ohtani","1060","1.3","1.000","3.000","null","4.000","1.993","1.486","0.792","14","14","106.7","29.4","2304","87.9","87.26","0","14","0","-0.6","6.00","110","143","118","145","302","327","304"
"14",642133,"Rowdy Tellez","1106","1.3","1.000","3.000","null","4.000","1.993","1.377","0.740","14","14","104.4","27.0","2368","87.9","87.25","0","14","0","-0.7","5.99","114","159","128","153","289","327","303"
"14",572821,"Brian Dozier","1493","0.9","1.000","3.000","null","4.000","1.993","1.199","0.630","14","14","102.1","30.6","2159","90.2","89.78","0","14","0","-0.4","5.98","102","153","116","146","303","326","301"
"14",645277,"Ozzie Albies","1552","0.9","1.000","3.000","null","4.000","1.993","1.321","0.685","14","14","102.6","30.8","2007","89.4","89.41","0","14","0","0.0","6.19","114","159","109","152","301","328","304"
"14",608577,"Nomar Mazara","1560","0.9","1.000","3.000","null","4.000","1.993","1.667","0.853","14","14","107.5","27.7","2119","85.6","84.95","0","14","0","-0.7","5.92","108","157","124","152","294","324","306"
"14",457759,"Justin Turner","1521","0.9","1.000","3.000","null","4.000","1.993","1.494","0.759","14","14","102.8","28.9","2228","88.2","87.77","0","14","0","-0.4","5.90","109","153","119","149","303","325","298"
"14",595777,"Jurickson Profar","1343","1.0","1.000","3.000","null","4.000","1.993","1.229","0.675","14","14","102.8","27.6","2264","88.5","88.60","0","14","0","0.1","6.19","114","150","108","149","293","322","290"
"14",608385,"Jesse Winker","1301","1.1","1.000","3.000","null","4.000","1.993","1.178","0.609","14","14","101.5","30.6","2298","91.5","91.26","0","14","0","-0.2","6.14","116","155","122","149","291","320","302"
"13",446334,"Evan Longoria","1214","1.1","1.000","3.000","null","4.000","1.993","1.522","0.778","13","13","104.5","29.7","2173","88.9","89.03","0","13","0","0.1","6.18","111","154","119","148","305","323","296"
"13",664068,"Scott Kingery","1128","1.2","1.000","3.000","null","4.000","1.993","1.341","0.699","13","13","103.7","29.8","2275","91.1","91.26","0","13","0","0.2","6.34","110","153","113","146","301","317","289"
"13",453943,"Todd Frazier","1186","1.1","1.000","3.000","null","4.000","1.993","1.111","0.607","13","13","101.6","28.6","2357","92.9","92.18","0","13","0","-0.7","5.93","107","153","116","147","299","321","298"
"13",430945,"Adam Jones","1385","0.9","1.000","3.000","null","4.000","1.993","1.454","0.772","13","13","104.1","28.3","2284","87.7","87.43","0","13","0","-0.3","6.01","112","152","115","146","310","327","297"
"13",605119,"Brian Anderson","1486","0.9","1.000","3.000","null","4.000","1.993","1.161","0.607","13","13","102.5","29.5","2268","86.5","86.19","0","13","0","-0.3","5.99","109","150","116","146","309","321","292"
"13",519048,"Mitch Moreland","720","1.8","1.000","3.000","null","4.000","1.993","1.357","0.723","13","13","104.1","27.1","2146","92.3","92.12","0","13","0","-0.2","6.16","115","165","138","152","284","328","311"
"13",543333,"Eric Hosmer","1639","0.8","1.000","3.000","null","4.000","1.993","1.525","0.808","13","13","105.0","26.2","2043","88.9","88.58","0","13","0","-0.3","6.06","115","153","113","152","297","325","306"
"13",542454,"Danny Santana","988","1.3","1.000","3.000","null","4.000","1.993","1.454","0.764","13","13","105.3","28.9","2288","90.5","90.40","0","13","0","-0.1","6.21","107","148","101","149","296","323","297"
"13",541645,"Avisail Garcia","1365","1.0","1.000","3.000","null","4.000","1.993","1.593","0.796","13","13","106.9","30.8","2240","86.9","86.25","0","13","0","-0.7","5.96","108","155","122","149","310","336","297"
"13",621311,"David Dahl","1455","0.9","1.000","3.000","null","4.000","1.993","1.121","0.604","13","13","101.8","29.5","2186","90.3","90.43","0","13","0","0.1","6.09","117","156","116","152","303","328","310"
"12",657077,"Alex Verdugo","1345","0.9","1.000","3.000","null","4.000","1.993","1.222","0.680","12","12","101.8","26.2","2233","89.8","89.49","0","12","0","-0.3","5.88","119","153","110","152","297","324","304"
"12",592663,"J.T. Realmuto","1495","0.8","1.000","3.000","null","4.000","1.993","1.241","0.702","12","12","103.8","25.8","2201","90.3","90.24","0","12","0","-0.1","6.14","108","153","118","147","306","324","296"
"12",503556,"Marwin Gonzalez","1306","0.9","1.000","3.000","null","4.000","1.993","1.379","0.712","12","12","104.6","31.0","2110","85.2","84.64","0","12","0","-0.6","5.92","108","151","114","150","297","322","294"
"12",608348,"Carson Kelly","982","1.2","1.000","3.000","null","4.000","1.993","1.145","0.608","12","12","101.9","29.5","2347","89.6","89.24","0","12","0","-0.4","6.10","111","154","122","146","311","324","292"
"12",596105,"Dwight Smith Jr","1234","1.0","1.000","3.000","null","4.000","1.993","1.368","0.741","12","12","104.4","26.3","2185","89.4","88.67","0","12","0","-0.7","5.79","114","143","106","147","287","320","297"
"12",606115,"Orlando Arcia","1451","0.8","1.000","3.000","null","4.000","1.993","1.279","0.701","12","12","102.0","27.0","2183","89.3","88.97","0","12","0","-0.3","5.95","105","148","106","146","302","316","288"
"12",467055,"Pablo Sandoval","970","1.2","1.000","3.000","null","4.000","1.993","1.511","0.810","12","12","104.7","26.3","2162","89.6","89.12","0","12","0","-0.5","5.85","115","155","119","152","293","326","304"
"12",641525,"Brandon Dixon","853","1.4","1.000","3.000","null","4.000","1.993","1.282","0.661","12","12","103.5","30.7","2303","87.2","86.71","0","12","0","-0.5","5.82","108","149","115","145","302","325","289"
"12",455139,"Robinson Chirinos","1219","1.0","1.000","3.000","null","4.000","1.993","1.129","0.589","12","12","101.9","30.9","2304","88.7","88.35","0","12","0","-0.4","6.04","102","151","117","146","292","322","286"
"12",543510,"James McCann","1224","1.0","1.000","3.000","null","4.000","1.993","1.537","0.809","12","12","104.1","26.8","2221","87.8","87.65","0","12","0","-0.2","6.12","108","153","117","147","301","323","291"
"12",606192,"Teoscar Hernandez","1126","1.1","1.000","3.000","null","4.000","1.993","1.364","0.717","12","12","103.9","28.4","2244","88.7","88.06","0","12","0","-0.6","5.85","107","151","117","147","288","324","294"
"12",452678,"Asdrubal Cabrera","1432","0.8","1.000","3.000","null","4.000","1.993","0.919","0.488","12","12","100.2","31.5","2061","87.2","86.18","0","12","0","-1.0","5.69","111","160","126","152","297","323","299"
"12",543305,"Aaron Hicks","931","1.3","1.000","3.000","null","4.000","1.993","1.333","0.725","12","12","103.6","27.4","1987","90.2","90.60","0","12","0","0.4","6.07","115","161","110","153","304","331","302"
"12",593160,"Whit Merrifield","1777","0.7","1.000","3.000","null","4.000","1.993","0.993","0.530","12","12","100.2","30.3","2388","89.3","88.51","0","12","0","-0.8","5.79","110","149","112","144","298","319","280"
"12",571976,"Wil Myers","1282","0.9","1.000","3.000","null","4.000","1.993","1.608","0.819","12","12","104.9","28.5","2289","89.9","89.61","0","12","0","-0.3","6.01","110","151","119","145","309","332","306"
"12",435062,"Howie Kendrick","925","1.3","1.000","3.000","null","4.000","1.993","1.487","0.817","12","12","105.0","25.2","2372","86.2","85.49","0","12","0","-0.7","5.82","116","153","115","150","307","319","296"
"12",435622,"Ian Desmond","1246","1.0","1.000","3.000","null","4.000","1.993","1.479","0.764","12","12","104.0","28.9","2198","86.4","86.19","0","12","0","-0.2","5.89","112","149","112","145","320","339","302"
"12",607680,"Kevin Pillar","1329","0.9","1.000","3.000","null","4.000","1.993","1.277","0.710","12","12","103.2","25.3","2207","87.1","86.63","0","12","0","-0.5","5.92","105","154","103","147","304","328","294"
"11",592450,"Aaron Judge","890","1.2","1.000","3.000","null","4.000","1.993","1.524","0.793","11","11","106.5","29.0","2380","89.7","88.94","0","11","0","-0.8","5.97","107","157","124","148","315","340","299"
"11",640449,"Clint Frazier","824","1.3","1.000","3.000","null","4.000","1.993","1.313","0.684","11","11","102.0","28.8","2318","87.3","86.46","0","11","0","-0.8","5.76","110","154","122","148","312","330","293"
"11",518595,"Travis d'Arnaud","747","1.5","1.000","3.000","null","4.000","1.993","1.384","0.721","11","11","103.5","29.5","2309","90.1","89.69","0","11","0","-0.4","6.02","104","150","118","149","304","330","287"
"11",641343,"Jake Bauers","1455","0.8","1.000","3.000","null","4.000","1.993","1.332","0.719","11","11","103.0","27.3","2231","89.9","89.58","0","11","0","-0.3","5.98","118","147","119","151","290","324","298"
"11",642708,"Amed Rosario","1488","0.7","1.000","3.000","null","4.000","1.993","1.145","0.628","11","11","101.5","27.4","2322","89.4","88.90","0","11","0","-0.5","5.93","108","148","108","147","303","322","287"
"11",435559,"Kurt Suzuki","689","1.6","1.000","3.000","null","4.000","1.993","1.019","0.568","11","11","99.9","28.3","2085","89.6","89.61","0","11","0","0.0","6.22","103","151","119","146","296","322","295"
"11",460086,"Alex Gordon","1528","0.7","1.000","3.000","null","4.000","1.993","1.362","0.711","11","11","104.0","29.1","2111","87.6","87.48","0","11","0","-0.1","6.10","115","150","107","148","299","323","302"
"11",542340,"Jonathan Villar","1722","0.6","1.000","3.000","null","4.000","1.993","1.417","0.754","11","11","102.7","27.4","2298","88.2","87.77","0","11","0","-0.4","5.99","99","143","102","144","297","320","293"
"11",595751,"Jorge Alfaro","1055","1.0","1.000","3.000","null","4.000","1.993","1.632","0.864","11","11","108.0","25.5","2192","89.9","89.37","0","11","0","-0.5","6.01","106","151","118","147","305","322","288"
"11",474832,"Brandon Belt","1679","0.7","1.000","3.000","null","4.000","1.993","1.196","0.628","11","11","102.0","30.4","2221","87.0","87.05","0","11","0","0.1","6.16","112","167","125","144","296","325","302"
"11",621043,"Carlos Correa","855","1.3","1.000","3.000","null","4.000","1.993","1.364","0.775","11","11","105.0","24.6","2281","90.1","89.41","0","11","0","-0.7","5.94","105","151","118","146","299","331","290"
"11",643265,"Garrett Cooper","1056","1.0","1.000","3.000","null","4.000","1.993","1.776","0.898","11","11","106.5","26.9","2287","86.6","85.43","0","11","0","-1.2","5.64","117","153","119","148","308","322","291"
"11",598265,"Jackie Bradley Jr.","1427","0.8","1.000","3.000","null","4.000","1.993","1.487","0.768","11","11","103.4","28.9","2223","87.6","87.03","0","11","0","-0.6","5.92","104","143","116","148","291","321","306"
"11",670541,"Yordan Alvarez","545","2.0","1.000","3.000","null","4.000","1.993","1.463","0.797","11","11","105.8","24.4","1955","87.8","87.62","0","11","0","-0.2","6.08","114","155","127","152","293","331","304"
"11",592206,"Nicholas Castellanos","1580","0.7","1.000","3.000","null","4.000","1.993","1.309","0.688","11","11","102.4","29.0","2168","88.1","87.96","0","11","0","-0.1","6.02","109","151","119","147","303","328","291"
"11",641313,"Tim Anderson","956","1.2","1.000","3.000","null","4.000","1.993","1.375","0.768","11","11","103.5","25.5","2225","88.1","88.01","0","11","0","-0.1","6.11","107","151","111","145","303","322","291"
"10",608070,"Jose Ramirez","1669","0.6","1.000","3.000","null","4.000","1.993","1.296","0.685","10","10","103.0","29.8","2190","91.3","91.23","0","10","0","-0.1","6.13","116","153","111","149","293","325","303"
"10",546991,"Albert Almora Jr.","1118","0.9","1.000","3.000","null","4.000","1.993","1.441","0.796","10","10","104.5","25.2","2230","89.4","89.39","0","10","0","0.0","6.17","110","153","112","146","300","323","295"
"10",457705,"Andrew McCutchen","1165","0.9","1.000","3.000","null","4.000","1.993","1.367","0.730","10","10","103.2","27.6","2349","89.7","89.50","0","10","0","-0.2","6.02","110","149","114","144","298","322","293"
"10",592567,"Colin Moran","1136","0.9","1.000","3.000","null","4.000","1.993","1.180","0.611","10","10","101.6","29.8","2185","90.5","90.33","0","10","0","-0.2","6.12","109","142","104","148","295","319","295"
"10",451594,"Dexter Fowler","1360","0.7","1.000","3.000","null","4.000","1.993","1.133","0.604","10","10","101.2","29.9","2289","92.0","91.85","0","10","0","-0.1","6.07","112","155","115","149","300","321","301"
"10",642086,"Dominic Smith","753","1.3","1.000","3.000","null","4.000","1.993","1.329","0.700","10","10","102.3","28.1","2386","87.5","86.93","0","10","0","-0.6","5.90","122","159","120","154","298","324","304"
"10",519299,"Eric Sogard","1280","0.8","1.000","3.000","null","4.000","1.993","0.520","0.303","10","10","95.8","29.7","2366","88.9","88.42","0","10","0","-0.5","6.01","116","150","107","152","277","315","297"
"10",570482,"Gio Urshela","1097","0.9","1.000","3.000","null","4.000","1.993","1.262","0.706","10","10","104.1","26.6","2265","90.4","90.29","0","10","0","-0.1","6.15","105","149","114","142","308","323","288"
"10",592444,"JaCoby Jones","1066","0.9","1.000","3.000","null","4.000","1.993","1.452","0.825","10","10","106.3","24.1","2330","89.1","88.85","0","10","0","-0.3","5.99","107","148","108","143","306","326","284"
"10",488771,"Jason Castro","698","1.4","1.000","3.000","null","4.000","1.993","1.757","0.881","10","10","107.0","28.4","2330","89.7","89.22","0","10","0","-0.5","6.00","119","161","119","156","290","322","301"
"10",516416,"Jean Segura","1395","0.7","1.000","3.000","null","4.000","1.993","1.076","0.596","10","10","101.2","28.6","2108","87.2","86.89","0","10","0","-0.3","6.09","110","145","104","144","302","322","287"
"10",656669,"Jordan Luplow","795","1.3","1.000","3.000","null","4.000","1.993","1.399","0.746","10","10","103.4","27.5","2166","87.9","87.92","0","10","0","0.0","6.12","109","149","110","142","294","317","294"
"10",500874,"Jose Martinez","1261","0.8","1.000","3.000","null","4.000","1.993","1.557","0.811","10","10","104.5","27.4","2080","87.6","87.41","0","10","0","-0.2","6.01","110","152","120","147","307","325","289"
"10",572033,"Josh Phegley","934","1.1","1.000","3.000","null","4.000","1.993","0.900","0.508","10","10","99.1","28.4","2319","89.5","88.98","0","10","0","-0.5","5.88","99","150","120","144","299","325","292"
"10",502210,"Josh Reddick","1355","0.7","1.000","3.000","null","4.000","1.993","1.052","0.584","10","10","100.6","28.0","2180","86.5","85.47","0","10","0","-1.0","5.65","110","149","116","150","289","324","299"
"10",628356,"Jung Ho Kang","669","1.5","1.000","3.000","null","4.000","1.993","1.661","0.854","10","10","107.4","28.8","2063","86.7","86.18","0","10","0","-0.5","5.78","108","153","116","147","300","326","296"
"10",669374,"Keston Hiura","615","1.6","1.000","3.000","null","4.000","1.993","1.601","0.819","10","10","106.5","29.1","2383","89.5","89.38","0","10","0","-0.1","6.06","106","151","120","146","310","322","288"
"10",595281,"Kevin Kiermaier","1265","0.8","1.000","3.000","null","4.000","1.993","1.558","0.817","10","10","102.9","25.6","2163","88.9","88.86","0","10","0","0.0","6.19","105","142","96","143","289","322","301"
"10",572761,"Matt Carpenter","1531","0.7","1.000","3.000","null","4.000","1.993","1.285","0.654","10","10","102.8","31.7","2264","91.2","91.16","0","10","0","0.0","6.15","121","162","114","163","305","328","302"
"10",641857,"Ryan McMahon","1228","0.8","1.000","3.000","null","4.000","1.993","1.575","0.826","10","10","104.8","27.1","2331","86.6","86.57","0","10","0","0.0","5.88","108","156","128","152","304","337","312"
"10",642715,"Willy Adames","1495","0.7","1.000","3.000","null","4.000","1.993","1.213","0.651","10","10","102.5","29.2","2371","89.8","89.53","0","10","0","-0.3","6.15","112","154","117","146","305","322","280"
"9",592273,"Brandon Drury","1149","0.8","1.000","3.000","null","4.000","1.993","1.380","0.719","9","9","103.2","28.3","2228","90.0","89.42","0","9","0","-0.6","5.93","101","150","120","147","300","323","291"
"9",596847,"Ji-Man Choi","1239","0.7","1.000","3.000","null","4.000","1.993","1.352","0.692","9","9","103.4","29.4","2156","89.5","89.55","0","9","0","0.1","6.33","116","164","129","153","291","326","305"
"9",623520,"David Bote","1104","0.8","1.000","3.000","null","4.000","1.993","1.060","0.625","9","9","103.6","25.2","2092","88.8","88.35","0","9","0","-0.5","5.95","114","151","118","148","304","325","299"
"9",543063,"Brandon Crawford","1426","0.6","1.000","3.000","null","4.000","1.993","1.390","0.739","9","9","102.3","27.6","2222","92.7","91.99","0","9","0","-0.7","5.77","120","151","108","151","302","329","313"
"9",665489,"Vladimir Guerrero Jr.","1175","0.8","1.000","3.000","null","4.000","1.993","1.589","0.869","9","9","107.5","23.4","2005","91.1","91.00","0","9","0","-0.1","6.10","110","148","119","144","306","334","298"
"9",592348,"Niko Goodrum","1549","0.6","1.000","3.000","null","4.000","1.993","1.006","0.530","9","9","101.9","31.9","2171","91.5","91.21","0","9","0","-0.3","6.03","112","152","124","152","297","324","297"
"9",458015,"Joey Votto","1629","0.6","1.000","3.000","null","4.000","1.993","1.387","0.719","9","9","103.2","29.7","2175","91.2","91.34","0","9","0","0.1","6.31","116","148","124","153","297","322","304"
"9",572039,"Stephen Piscotty","1246","0.7","1.000","3.000","null","4.000","1.993","1.650","0.881","9","9","106.2","26.2","2414","91.6","91.01","0","9","0","-0.6","5.93","109","153","115","146","304","324","297"
"9",455976,"Nick Markakis","1669","0.5","1.000","3.000","null","4.000","1.993","1.206","0.686","9","9","102.4","25.7","2358","92.4","92.74","0","9","0","0.3","6.27","120","148","121","153","295","321","310"
"9",434158,"Curtis Granderson","1168","0.8","1.000","3.000","null","4.000","1.993","1.166","0.614","9","9","101.4","29.7","2258","92.1","91.41","0","9","0","-0.7","5.94","126","166","124","154","295","325","299"
"9",429664,"Robinson Cano","1067","0.8","1.000","3.000","null","4.000","1.993","1.513","0.841","9","9","105.0","24.3","2084","86.8","86.46","0","9","0","-0.3","6.11","112","159","130","150","303","327","310"
"9",571980,"Tyler Naquin","771","1.2","1.000","3.000","null","4.000","1.993","1.670","0.854","9","9","105.3","26.8","2215","86.6","86.60","0","9","0","0.0","6.09","115","148","113","150","289","323","307"
"9",444482,"David Peralta","1192","0.8","1.000","3.000","null","4.000","1.993","1.191","0.650","9","9","102.6","26.8","2253","87.1","86.69","0","9","0","-0.4","5.94","114","154","112","154","299","329","307"
"9",501896,"David Freese","656","1.4","1.000","3.000","null","4.000","1.993","1.386","0.734","9","9","104.2","29.1","2137","87.9","87.36","0","9","0","-0.5","5.77","106","149","119","146","301","320","287"
"9",621439,"Byron Buxton","943","1.0","1.000","3.000","null","4.000","1.993","1.551","0.780","9","9","105.3","31.6","2308","88.5","88.13","0","9","0","-0.4","5.96","97","147","103","142","300","319","288"
"9",435263,"Brian McCann","887","1.0","1.000","3.000","null","4.000","1.993","1.146","0.611","9","9","100.7","29.2","2218","89.6","89.42","0","9","0","-0.2","6.11","112","161","136","155","301","330","304"
"9",605204,"J.D. Davis","972","0.9","1.000","3.000","null","4.000","1.993","1.411","0.791","9","9","105.5","24.1","2285","89.6","89.26","0","9","0","-0.3","6.19","109","150","116","145","307","326","297"
"9",467092,"Wilson Ramos","1065","0.8","1.000","3.000","null","4.000","1.993","1.378","0.739","9","9","103.3","26.4","2181","88.5","88.14","0","9","0","-0.4","6.18","107","152","122","148","305","323","297"
"9",600474,"Pedro Severino","840","1.1","1.000","3.000","null","4.000","1.993","1.112","0.621","9","9","101.0","27.0","2230","89.7","89.06","0","9","0","-0.6","5.88","111","153","118","147","300","317","291"
"9",605113,"Nick Ahmed","1505","0.6","1.000","3.000","null","4.000","1.993","1.329","0.714","9","9","101.9","27.8","2382","90.7","90.45","0","9","0","-0.3","5.88","103","152","107","146","315","327","301"
"9",573262,"Mike Yastrzemski","739","1.2","1.000","3.000","null","4.000","1.993","1.322","0.697","9","9","101.8","28.7","2151","89.5","89.13","0","9","0","-0.4","5.88","118","150","121","149","296","319","302"
"9",643446,"Jeff McNeil","1332","0.7","1.000","3.000","null","4.000","1.993","1.162","0.627","9","9","102.3","28.8","2326","88.3","87.45","0","9","0","-0.9","5.84","112","152","98","152","287","323","294"
"9",547982,"Leonys Martin","1023","0.9","1.000","3.000","null","4.000","1.993","1.588","0.805","9","9","104.5","28.1","2273","90.8","90.70","0","9","0","-0.1","6.18","113","146","97","144","290","326","298"
"9",608596,"Tom Murphy","619","1.5","1.000","3.000","null","4.000","1.993","1.226","0.619","9","9","103.9","31.8","2230","87.8","86.94","0","9","0","-0.9","5.73","105","150","118","146","294","312","289"
"9",502517,"Daniel Murphy","1142","0.8","1.000","3.000","null","4.000","1.993","0.770","0.431","9","9","98.8","30.4","2190","90.0","90.02","0","9","0","0.0","6.14","121","163","127","153","299","327","305"
"8",545350,"Jake Marisnick","872","0.9","1.000","3.000","null","4.000","1.993","1.144","0.600","8","8","103.1","29.1","2209","86.2","85.40","0","8","0","-0.8","5.90","104","151","111","145","293","324","286"
"8",516770,"Starlin Castro","1574","0.5","1.000","3.000","null","4.000","1.993","1.184","0.682","8","8","103.3","26.3","2233","87.1","86.89","0","8","0","-0.2","6.12","109","152","117","148","308","320","288"
"8",571506,"Justin Bour","685","1.2","1.000","3.000","null","4.000","1.993","1.448","0.790","8","8","105.6","26.8","2083","89.8","89.07","0","8","0","-0.7","5.78","114","166","124","152","296","327","304"
"8",643376,"Danny Jansen","1034","0.8","1.000","3.000","null","4.000","1.993","1.381","0.726","8","8","102.2","28.5","2289","89.5","89.56","0","8","0","0.1","6.08","102","150","118","146","296","322","288"
"8",623993,"Anthony Santander","708","1.1","1.000","3.000","null","4.000","1.993","1.484","0.805","8","8","105.1","25.5","2276","87.3","86.39","0","8","0","-0.9","5.71","104","153","124","151","295","320","290"
"8",592859,"Stevie Wilkerson","871","0.9","1.000","3.000","null","4.000","1.993","0.931","0.563","8","8","99.8","26.3","2360","88.8","88.31","0","8","0","-0.5","5.91","108","144","120","148","287","321","293"
"8",571718,"Brian Goodwin","1155","0.7","1.000","3.000","null","4.000","1.993","1.429","0.736","8","8","103.5","29.9","2289","88.6","88.00","0","8","0","-0.6","5.86","116","152","111","152","291","320","301"
"8",542583,"Jesus Aguilar","1033","0.8","1.000","3.000","null","4.000","1.993","1.764","0.889","8","8","106.0","28.6","2229","89.4","89.06","0","8","0","-0.3","5.92","108","149","123","144","312","331","297"
"8",446308,"Matt Wieters","505","1.6","1.000","3.000","null","4.000","1.993","1.017","0.530","8","8","100.9","32.0","2406","87.3","87.31","0","8","0","0.0","6.21","118","159","130","152","299","322","302"
"8",640461,"Chad Pinder","830","1.0","1.000","3.000","null","4.000","1.993","1.243","0.660","8","8","103.0","29.6","2296","83.5","82.67","0","8","0","-0.8","5.72","100","145","115","144","304","331","292"
"8",435079,"Ian Kinsler","1060","0.8","1.000","3.000","null","4.000","1.993","0.827","0.480","8","8","98.4","28.0","2293","87.4","86.84","0","8","0","-0.6","5.96","113","154","108","147","304","323","293"
"8",621035,"Chris Taylor","1248","0.6","1.000","3.000","null","4.000","1.993","1.226","0.664","8","8","102.1","28.3","2345","86.4","85.11","0","8","0","-1.3","5.50","110","152","110","147","302","321","297"
"8",608369,"Corey Seager","1167","0.7","1.000","3.000","null","4.000","1.993","1.368","0.718","8","8","102.1","27.9","2219","91.3","91.21","0","8","0","-0.1","6.07","114","144","117","147","296","324","304"
"8",452095,"Tyler Flowers","778","1.0","1.000","3.000","null","4.000","1.993","1.676","0.859","8","8","105.4","26.5","2431","90.1","90.43","0","8","0","0.3","6.28","112","156","121","150","312","322","296"
"8",592122,"Tyler Austin","633","1.3","1.000","3.000","null","4.000","1.993","1.649","0.816","8","8","106.7","33.0","2135","90.5","90.25","0","8","0","-0.2","5.91","112","153","120","147","308","324","297"
"8",608597,"Ronald Guzman","935","0.9","1.000","3.000","null","4.000","1.993","1.696","0.878","8","8","106.0","28.0","2245","86.4","85.45","0","8","0","-1.0","5.64","110","151","121","146","287","320","304"
"8",640458,"Oscar Mercado","870","0.9","1.000","3.000","null","4.000","1.993","0.618","0.349","8","8","97.1","30.9","2116","86.6","86.39","0","8","0","-0.2","5.94","115","150","115","148","296","317","284"
"8",462101,"Elvis Andrus","1563","0.5","1.000","3.000","null","4.000","1.993","1.007","0.565","8","8","100.1","28.3","2112","87.6","87.17","0","8","0","-0.4","5.90","104","149","116","139","296","316","284"
"8",607208,"Trea Turner","1100","0.7","1.000","3.000","null","4.000","1.993","1.543","0.855","8","8","106.8","23.8","2237","92.7","92.33","0","8","0","-0.4","6.12","105","146","103","142","308","320","297"
"8",643217,"Andrew Benintendi","1628","0.5","1.000","3.000","null","4.000","1.993","1.285","0.659","8","8","103.0","31.0","2369","88.6","87.77","0","8","0","-0.8","5.92","113","153","105","152","283","324","306"
"8",669222,"Nick Senzel","1089","0.7","1.000","3.000","null","4.000","1.993","1.230","0.658","8","8","101.2","28.3","2218","87.9","87.10","0","8","0","-0.8","5.71","111","149","109","147","299","321","288"
"7",668804,"Bryan Reynolds","1184","0.6","1.000","3.000","null","4.000","1.993","1.431","0.770","7","7","104.4","27.3","2210","89.4","89.44","0","7","0","0.0","6.20","108","150","116","147","295","320","298"
"7",606132,"Raimel Tapia","1100","0.6","1.000","3.000","null","4.000","1.993","1.227","0.639","7","7","101.3","30.1","2393","83.6","83.24","0","7","0","-0.4","5.83","111","153","113","151","300","324","312"
"7",456715,"Lorenzo Cain","1775","0.4","1.000","3.000","null","4.000","1.993","1.305","0.750","7","7","103.9","25.0","2292","88.3","87.91","0","7","0","-0.4","6.01","112","152","114","148","302","317","290"
"7",543401,"Jason Kipnis","1316","0.5","1.000","3.000","null","4.000","1.993","1.349","0.728","7","7","102.6","27.4","2242","85.1","84.05","0","7","0","-1.1","5.45","121","151","108","153","289","319","302"
"7",600869,"Jeimer Candelario","1137","0.6","1.000","3.000","null","4.000","1.993","1.175","0.656","7","7","103.6","27.3","2233","86.6","86.21","0","7","0","-0.4","5.95","106","147","124","148","292","324","294"
"7",448801,"Chris Davis","1064","0.7","1.000","3.000","null","4.000","1.993","1.063","0.549","7","7","101.5","31.7","2361","91.1","90.70","0","7","0","-0.4","6.02","117","177","171","151","298","334","309"
"7",595978,"Austin Hedges","928","0.8","1.000","3.000","null","4.000","1.993","1.325","0.753","7","7","104.6","25.0","2410","89.4","89.35","0","7","0","-0.1","6.11","101","151","119","146","305","320","294"
"7",514917,"Cesar Hernandez","1581","0.4","1.000","3.000","null","4.000","1.993","1.065","0.600","7","7","100.9","28.6","2260","88.6","88.86","0","7","0","0.3","6.28","109","148","98","152","288","316","295"
"7",609275,"Adalberto Mondesi","1290","0.5","1.000","3.000","null","4.000","1.993","1.452","0.748","7","7","104.0","29.1","2127","87.9","87.07","0","7","0","-0.8","5.86","100","150","94","146","287","316","300"
"7",592387,"Ryon Healy","708","1.0","1.000","3.000","null","4.000","1.993","1.338","0.736","7","7","102.7","25.6","2237","86.9","86.55","0","7","0","-0.3","5.95","95","151","114","142","304","322","289"
"7",518960,"Jonathan Lucroy","1113","0.6","1.000","3.000","null","4.000","1.993","1.485","0.812","7","7","103.9","25.4","2209","87.9","86.84","0","7","0","-1.1","5.70","99","150","116","146","302","319","283"
"7",643393,"Tony Kemp","665","1.1","1.000","3.000","null","4.000","1.993","0.450","0.266","7","7","96.7","32.0","2217","89.6","89.25","0","7","0","-0.3","6.15","106","142","104","150","275","313","295"
"7",572122,"Kyle Seager","799","0.9","1.000","3.000","null","4.000","1.993","1.058","0.560","7","7","101.8","31.9","2100","87.3","86.72","0","7","0","-0.6","5.84","115","159","132","151","289","316","298"
"7",594809,"Adam Eaton","1733","0.4","1.000","3.000","null","4.000","1.993","1.017","0.549","7","7","100.8","27.6","2304","88.3","88.18","0","7","0","-0.1","6.18","113","146","92","151","290","319","306"
"7",475174,"Yonder Alonso","1054","0.7","1.000","3.000","null","4.000","1.993","1.329","0.749","7","7","104.0","25.3","2301","91.2","90.85","0","7","0","-0.3","6.04","104","165","138","144","297","328","301"
"7",543939,"Kolten Wong","1288","0.5","1.000","3.000","null","4.000","1.993","1.172","0.645","7","7","101.1","27.1","2236","88.0","87.27","0","7","0","-0.7","5.73","106","142","110","150","293","318","298"
"7",500135,"Ronny Rodriguez","630","1.1","1.000","3.000","null","4.000","1.993","1.400","0.713","7","7","103.3","30.6","2334","87.0","86.60","0","7","0","-0.4","5.91","108","153","110","149","291","322","288"
"7",621514,"Christin Stewart","1222","0.6","1.000","3.000","null","4.000","1.993","1.627","0.814","7","7","105.5","30.3","2233","90.4","90.68","0","7","0","0.3","6.27","117","154","133","149","289","319","294"
"6",622534,"Manuel Margot","1031","0.6","1.000","3.000","null","4.000","1.993","0.794","0.453","6","6","100.3","30.3","2372","87.0","86.60","0","6","0","-0.4","5.91","106","154","110","150","310","315","284"
"6",624415,"Cavan Biggio","874","0.7","1.000","3.000","null","4.000","1.993","1.190","0.608","6","6","101.5","31.0","2114","92.8","92.14","0","6","0","-0.7","5.92","116","150","122","151","294","332","302"
"6",608365,"Addison Russell","677","0.9","1.000","3.000","null","4.000","1.993","1.122","0.696","6","6","102.2","24.2","2443","87.9","87.79","0","6","0","-0.1","6.10","107","150","118","145","292","320","287"
"6",572041,"A.J. Pollock","592","1.0","1.000","3.000","null","4.000","1.993","0.929","0.493","6","6","100.0","31.7","2295","87.5","87.60","0","6","0","0.1","6.30","112","149","119","149","291","317","292"
"6",649557,"Aledmys Diaz","398","1.5","1.000","3.000","null","4.000","1.993","1.179","0.669","6","6","103.3","25.5","2288","89.6","89.03","0","6","0","-0.6","6.11","104","151","118","147","294","326","294"
"6",570256,"Gregory Polanco","679","0.9","1.000","3.000","null","4.000","1.993","1.365","0.749","6","6","103.8","26.0","1933","84.7","84.52","0","6","0","-0.2","6.08","121","147","120","153","302","330","309"
"6",488671,"Alex Avila","455","1.3","1.000","3.000","null","4.000","1.993","1.119","0.592","6","6","101.8","31.2","2223","88.7","88.46","0","6","0","-0.2","6.08","119","169","138","153","297","326","308"
"6",543105,"Alex Dickerson","400","1.5","1.000","3.000","null","4.000","1.993","1.510","0.824","6","6","107.8","24.5","2169","92.8","92.61","0","6","0","-0.2","6.04","124","148","113","153","295","325","303"
"6",606299,"Jose Peraza","937","0.6","1.000","3.000","null","4.000","1.993","0.753","0.427","6","6","98.8","29.3","2280","91.9","92.03","0","6","0","0.1","6.12","105","149","109","145","300","317","282"
"6",593643,"Hanser Alberto","1031","0.6","1.000","3.000","null","4.000","1.993","1.108","0.633","6","6","100.7","26.2","2190","90.4","90.07","0","6","0","-0.3","5.95","107","152","106","147","294","317","279"
"6",543768,"Travis Shaw","920","0.7","1.000","3.000","null","4.000","1.993","1.844","0.934","6","6","107.4","28.0","2038","93.3","92.86","0","6","0","-0.4","6.02","128","169","131","157","298","324","304"
"6",544369,"Didi Gregorius","524","1.1","1.000","3.000","null","4.000","1.993","0.942","0.541","6","6","100.3","26.8","2356","88.1","86.23","0","6","0","-1.9","6.06","114","150","119","152","296","325","297"
"6",595375,"JT Riddle","482","1.2","1.000","3.000","null","4.000","1.993","1.224","0.682","6","6","102.3","27.5","2220","85.8","85.45","0","6","0","-0.4","6.08","111","148","101","154","298","323","295"
"6",664056,"Harrison Bader","1044","0.6","1.000","3.000","null","4.000","1.993","1.354","0.720","6","6","104.5","27.2","2147","91.9","92.17","0","6","0","0.3","6.41","105","151","100","146","304","322","304"
"6",621028,"Kevin Newman","1087","0.6","1.000","3.000","null","4.000","1.993","0.918","0.548","6","6","99.7","26.7","2099","87.4","86.91","0","6","0","-0.5","5.85","112","150","100","146","298","314","286"
"6",571657,"Kyle Farmer","528","1.1","1.000","3.000","null","4.000","1.993","0.874","0.461","6","6","99.2","31.5","2332","86.2","86.06","0","6","0","-0.1","6.05","108","150","115","145","301","315","291"
"6",523253,"Logan Forsythe","1166","0.5","1.000","3.000","null","4.000","1.993","1.444","0.765","6","6","103.2","28.3","2312","92.2","91.94","0","6","0","-0.3","6.06","114","154","117","148","300","321","291"
"6",656811,"Ryan O'Hearn","844","0.7","1.000","3.000","null","4.000","1.993","1.700","0.877","6","6","106.6","26.5","2312","88.8","88.68","0","6","0","-0.1","6.17","118","151","107","154","298","325","299"
"6",592200,"Curt Casali","694","0.9","1.000","3.000","null","4.000","1.993","0.905","0.483","6","6","100.0","31.7","2162","84.1","83.94","0","6","0","-0.2","5.83","112","152","118","147","299","323","296"
"6",444489,"Manny Pina","433","1.4","1.000","3.000","null","4.000","1.993","1.424","0.746","6","6","102.5","26.7","2164","89.2","89.19","0","6","0","0.0","6.06","110","151","118","147","304","321","292"
"6",641856,"Billy McKinney","683","0.9","1.000","3.000","null","4.000","1.993","1.045","0.631","6","6","100.9","24.8","2286","87.1","87.31","0","6","0","0.2","6.21","103","146","105","150","280","321","302"
"6",455117,"Martin Maldonado","1023","0.6","1.000","3.000","null","4.000","1.993","1.075","0.579","6","6","102.2","31.0","2363","89.5","89.18","0","6","0","-0.3","5.94","113","155","121","148","301","330","295"
"6",455104,"Chris Iannetta","587","1.0","1.000","3.000","null","4.000","1.993","1.250","0.666","6","6","104.5","29.3","2384","87.9","87.99","0","6","0","0.1","6.13","105","153","122","146","316","334","302"
"6",466320,"Melky Cabrera","919","0.7","1.000","3.000","null","4.000","1.993","0.897","0.551","6","6","100.4","26.7","2586","84.6","84.68","0","6","0","0.1","6.15","118","152","119","154","301","316","290"
"6",596144,"Cheslor Cuthbert","695","0.9","1.000","3.000","null","4.000","1.993","1.288","0.748","6","6","103.5","24.3","1918","88.2","87.65","0","6","0","-0.6","5.71","112","150","121","148","300","327","292"
"6",502481,"Jarrod Dyson","1109","0.5","1.000","3.000","null","4.000","1.993","0.961","0.575","6","6","100.7","26.7","2307","85.7","85.31","0","6","0","-0.4","6.01","107","149","92","149","281","314","295"
"6",642082,"Chance Sisco","448","1.3","1.000","3.000","null","4.000","1.993","1.323","0.706","6","6","102.5","28.2","2508","87.8","87.41","0","6","0","-0.4","6.04","104","153","128","154","288","325","306"
"6",643565,"Mike Tauchman","704","0.9","1.000","3.000","null","4.000","1.993","1.284","0.744","6","6","103.6","24.2","2142","87.5","87.20","0","6","0","-0.3","5.97","114","138","107","143","287","322","289"
"5",663993,"Nate Lowe","392","1.3","1.000","3.000","null","4.000","1.993","1.582","0.881","5","5","105.7","23.2","2193","87.8","87.08","0","5","0","-0.7","5.87","98","148","131","151","292","328","314"
"5",606988,"Grayson Greiner","678","0.7","1.000","3.000","null","4.000","1.993","0.942","0.494","5","5","100.2","30.6","2295","92.3","92.08","0","5","0","-0.2","6.03","109","150","118","151","299","320","284"
"5",408234,"Miguel Cabrera","1340","0.4","1.000","3.000","null","4.000","1.993","1.255","0.668","5","5","102.2","27.0","2318","86.8","86.24","0","5","0","-0.6","5.80","116","150","118","150","304","323","288"
"5",605480,"Mallex Smith","1437","0.3","1.000","3.000","null","4.000","1.993","1.121","0.595","5","5","99.5","28.8","2125","91.0","90.18","0","5","0","-0.8","5.73","94","144","89","147","277","309","294"
"5",545121,"Ildemaro Vargas","665","0.8","1.000","3.000","null","4.000","1.993","1.152","0.621","5","5","102.0","29.2","2127","91.0","90.30","0","5","0","-0.7","5.83","105","154","116","150","297","318","286"
"5",641933,"Tyler O'Neill","462","1.1","1.000","3.000","null","4.000","1.993","1.668","0.845","5","5","104.2","29.6","2522","91.7","91.28","0","5","0","-0.4","5.81","94","151","123","146","321","334","310"
"5",456078,"Welington Castillo","578","0.9","1.000","3.000","null","4.000","1.993","1.507","0.790","5","5","103.2","27.8","2229","91.8","91.80","0","5","0","0.0","6.08","115","149","117","146","302","319","292"
"5",641432,"Willie Calhoun","370","1.4","1.000","3.000","null","4.000","1.993","1.074","0.632","5","5","101.3","25.0","2277","84.6","84.62","0","5","0","0.0","6.14","105","148","132","147","293","329","291"
"5",588751,"Adeiny Hechavarria","448","1.1","1.000","3.000","null","4.000","1.993","1.015","0.538","5","5","99.7","28.6","2005","84.6","84.12","0","5","0","-0.5","5.97","100","149","114","147","297","312","279"
"5",457727,"Cameron Maybin","566","0.9","1.000","3.000","null","4.000","1.993","1.373","0.771","5","5","104.8","25.4","2129","91.5","91.42","0","5","0","-0.1","6.04","115","155","110","150","308","327","279"
"5",435522,"Neil Walker","944","0.5","1.000","3.000","null","4.000","1.993","1.594","0.811","5","5","104.0","29.8","2179","87.8","87.38","0","5","0","-0.4","6.11","118","155","122","154","302","320","293"
"5",605196,"Kevin Cron","257","1.9","1.000","3.000","null","4.000","1.993","1.481","0.751","5","5","104.9","27.4","2223","91.1","91.49","0","5","0","0.4","6.27","105","138","116","137","312","324","303"
"5",591741,"Jose Osuna","313","1.6","1.000","3.000","null","4.000","1.993","1.619","0.820","5","5","105.8","29.4","2094","89.6","89.74","0","5","0","0.1","6.28","105","146","112","141","308","324","291"
"5",572287,"Mike Zunino","829","0.6","1.000","3.000","null","4.000","1.993","1.747","0.868","5","5","106.3","29.4","2459","85.3","84.47","0","5","0","-0.8","5.75","100","154","116","143","304","330","304"
"5",457763,"Buster Posey","1093","0.5","1.000","3.000","null","4.000","1.993","1.424","0.746","5","5","102.4","26.6","2129","92.0","91.37","0","5","0","-0.6","5.82","100","142","114","139","307","321","293"
"5",641477,"Ryan Cordell","750","0.7","1.000","3.000","null","4.000","1.993","1.393","0.775","5","5","105.3","25.2","2263","89.8","89.56","0","5","0","-0.2","5.99","106","147","102","146","295","321","284"
"5",664058,"David Fletcher","1602","0.3","1.000","3.000","null","4.000","1.993","0.970","0.579","5","5","100.0","25.0","2383","88.3","86.92","0","5","0","-1.4","5.62","108","157","107","147","299","320","284"
"5",605131,"Austin Barnes","904","0.6","1.000","3.000","null","4.000","1.993","1.100","0.646","5","5","101.5","24.8","2176","83.0","82.60","0","5","0","-0.4","5.64","111","150","120","147","304","322","292"
"5",592743,"Andrelton Simmons","895","0.6","1.000","3.000","null","4.000","1.993","0.762","0.397","5","5","98.1","31.4","2290","85.4","85.21","0","5","0","-0.2","6.03","108","154","109","147","303","322","295"
"5",623912,"Harold Ramirez","872","0.6","1.000","3.000","null","4.000","1.993","1.144","0.705","5","5","104.0","23.0","2277","92.3","91.99","0","5","0","-0.3","5.97","116","153","115","148","310","326","286"
"5",544725,"Leury Garcia","1402","0.4","1.000","3.000","null","4.000","1.993","1.599","0.829","5","5","104.1","26.4","2250","83.6","83.53","0","5","0","-0.1","6.19","98","148","91","145","284","317","297"
"5",592325,"Ben Gamel","1044","0.5","1.000","3.000","null","4.000","1.993","1.064","0.621","5","5","98.5","25.8","1897","89.2","89.28","0","5","0","0.1","6.20","120","150","115","153","292","319","298"
"5",467827,"Gerardo Parra","694","0.7","1.000","3.000","null","4.000","1.993","1.265","0.659","5","5","101.3","29.0","2230","93.3","93.49","0","5","0","0.2","6.33","124","148","112","150","278","305","300"
"5",571466,"Tucker Barnhart","733","0.7","1.000","3.000","null","4.000","1.993","0.971","0.519","5","5","100.0","29.2","2307","89.7","89.67","0","5","0","0.0","6.20","110","150","100","149","289","315","294"
"5",541650,"Hernan Perez","612","0.8","1.000","3.000","null","4.000","1.993","1.003","0.625","5","5","101.9","24.4","2151","88.2","88.23","0","5","0","0.0","6.23","105","149","110","147","302","318","290"
"5",578428,"Jose Iglesias","1213","0.4","1.000","3.000","null","4.000","1.993","1.092","0.605","5","5","100.2","27.8","2406","87.9","87.82","0","5","0","-0.1","6.14","108","150","109","145","298","311","277"
"5",543257,"Robbie Grossman","1200","0.4","1.000","3.000","null","4.000","1.993","1.031","0.577","5","5","100.2","28.2","2413","89.6","88.55","0","5","0","-1.1","5.64","101","143","109","151","285","320","302"
"5",543308,"John Hicks","831","0.6","1.000","3.000","null","4.000","1.993","1.138","0.605","5","5","101.9","27.8","2176","88.0","88.21","0","5","0","0.2","6.25","104","153","120","148","303","322","288"
"5",607461,"Matt Beaty","464","1.1","1.000","3.000","null","4.000","1.993","1.294","0.753","5","5","104.5","25.6","1998","87.5","87.41","0","5","0","-0.1","6.13","115","148","110","155","291","316","301"
"5",547004,"Rio Ruiz","1096","0.5","1.000","3.000","null","4.000","1.993","0.936","0.511","5","5","100.4","30.6","2276","93.2","93.09","0","5","0","-0.1","6.23","106","150","124","152","289","322","297"
"4",457708,"Justin Upton","466","0.9","1.000","3.000","null","4.000","1.993","1.645","0.826","4","4","106.1","30.0","2280","96.1","96.27","0","4","0","0.2","6.43","110","154","123","148","318","329","298"
"4",446263,"Lucas Duda","503","0.8","1.000","3.000","null","4.000","1.993","1.606","0.828","4","4","104.0","28.5","2192","88.1","88.39","0","4","0","0.3","6.21","122","169","140","153","296","323","297"
"4",664238,"Dylan Moore","694","0.6","1.000","3.000","null","4.000","1.993","1.548","0.824","4","4","104.1","27.8","2101","90.5","90.52","0","4","0","0.0","6.13","118","153","114","149","302","317","280"
"4",501303,"Ehire Adrianza","603","0.7","1.000","3.000","null","4.000","1.993","1.525","0.767","4","4","103.8","30.3","2345","91.6","91.07","0","4","0","-0.5","5.91","102","148","117","148","286","317","293"
"4",607776,"Mac Williamson","615","0.7","1.000","3.000","null","4.000","1.993","1.257","0.755","4","4","104.9","21.5","2209","90.1","89.63","0","4","0","-0.5","5.85","115","149","120","148","316","316","294"
"4",624428,"Adam Frazier","1437","0.3","1.000","3.000","null","4.000","1.993","0.941","0.492","4","4","100.0","31.8","2211","87.7","87.70","0","4","0","0.0","6.14","114","150","101","149","287","312","302"
"4",527049,"Cesar Puello","497","0.8","1.000","3.000","null","4.000","1.993","1.634","0.816","4","4","104.5","29.5","2211","88.4","88.41","0","4","0","0.0","6.27","97","148","109","142","308","319","288"
"4",596119,"Blake Swihart","397","1.0","1.000","3.000","null","4.000","1.993","0.908","0.472","4","4","99.4","31.0","2242","85.4","84.65","0","4","0","-0.8","5.55","110","144","112","151","301","327","299"
"4",605170,"Victor Caratini","516","0.8","1.000","3.000","null","4.000","1.993","1.117","0.653","4","4","103.6","24.5","2530","91.8","91.39","0","4","0","-0.4","5.86","120","151","114","152","303","319","294"
"4",571974,"John Ryan Murphy","266","1.5","1.000","3.000","null","4.000","1.993","1.524","0.800","4","4","105.0","27.8","2381","91.8","91.39","0","4","0","-0.4","6.04","107","154","112","149","302","323","298"
"4",448602,"Mark Reynolds","665","0.6","1.000","3.000","null","4.000","1.993","1.592","0.836","4","4","104.2","26.0","2308","83.8","83.31","0","4","0","-0.5","5.84","112","152","115","145","312","339","303"
"4",493596,"Gordon Beckham","747","0.5","1.000","3.000","null","4.000","1.993","1.259","0.680","4","4","103.4","29.5","2341","88.4","87.53","0","4","0","-0.9","5.94","109","142","110","139","294","317","278"
"4",596825,"Robel Garcia","189","2.1","1.000","3.000","null","4.000","1.993","1.446","0.730","4","4","104.5","29.8","2234","94.1","94.51","0","4","0","0.4","6.21","110","151","104","151","294","326","302"
"4",621006,"Richie Martin","897","0.4","1.000","3.000","null","4.000","1.993","0.884","0.508","4","4","98.7","27.8","2203","86.7","86.77","0","4","0","0.1","6.28","104","150","106","147","302","311","287"
"4",543543,"Brad Miller","342","1.2","1.000","3.000","null","4.000","1.993","1.455","0.737","4","4","105.9","30.5","2498","81.5","81.67","0","4","0","0.2","6.39","112","158","113","152","293","324","305"
"4",425877,"Yadier Molina","962","0.4","1.000","3.000","null","4.000","1.993","1.273","0.685","4","4","101.3","28.0","2338","87.1","88.41","0","4","0","1.3","5.94","105","151","113","129","308","321","299"
"4",642336,"Francisco Mejia","502","0.8","1.000","3.000","null","4.000","1.993","1.576","0.855","4","4","104.1","25.3","2201","88.2","87.66","0","4","0","-0.5","5.85","111","144","111","146","296","321","295"
"4",543228,"Yan Gomes","892","0.4","1.000","3.000","null","4.000","1.993","1.752","0.861","4","4","106.9","30.8","2171","89.9","89.36","0","4","0","-0.5","6.08","102","150","119","145","308","316","293"
"4",519390,"Stephen Vogt","601","0.7","1.000","3.000","null","4.000","1.993","1.485","0.739","4","4","105.7","30.5","2344","93.3","93.11","0","4","0","-0.2","5.89","114","153","111","151","298","338","309"
"4",621453,"Steven Duggar","1071","0.4","1.000","3.000","null","4.000","1.993","1.330","0.720","4","4","102.2","28.0","1999","85.9","86.08","0","4","0","0.2","6.16","103","149","115","137","290","310","306"
"4",542979,"Keon Broxton","707","0.6","1.000","3.000","null","4.000","1.993","1.607","0.851","4","4","104.3","25.3","1910","86.9","86.23","0","4","0","-0.7","5.73","95","147","100","142","310","329","298"
"4",543148,"Tim Federowicz","298","1.3","1.000","3.000","null","4.000","1.993","1.528","0.813","4","4","103.0","27.5","2386","89.1","88.71","0","4","0","-0.4","5.82","103","151","111","146","301","318","291"
"4",670712,"Michael Brosseau","283","1.4","1.000","3.000","null","4.000","1.993","0.516","0.282","4","4","95.5","30.8","2220","86.6","85.76","0","4","0","-0.8","5.80","104","152","121","146","306","332","310"
"4",641487,"J.P. Crawford","899","0.4","1.000","3.000","null","4.000","1.993","1.499","0.815","4","4","104.6","24.8","1957","89.2","88.86","0","4","0","-0.3","6.04","121","150","125","153","288","309","302"
"4",669242,"Tommy Edman","455","0.9","1.000","3.000","null","4.000","1.993","1.475","0.754","4","4","102.5","29.3","2565","89.8","89.21","0","4","0","-0.6","5.93","114","147","112","146","290","314","292"
"3",543592,"Austin Nola","189","1.6","1.000","3.000","null","4.000","1.993","0.735","0.480","3","3","99.3","26.7","2375","88.6","87.90","0","3","0","-0.7","5.84","112","153","115","149","291","315","289"
"3",605412,"Joe Panik","1404","0.2","1.000","3.000","null","4.000","1.993","1.106","0.591","3","3","100.0","28.3","2211","89.8","89.57","0","3","0","-0.2","6.05","115","166","101","153","283","328","306"
"3",622666,"Johan Camargo","622","0.5","1.000","3.000","null","4.000","1.993","1.319","0.723","3","3","105.0","28.0","2256","93.4","93.19","0","3","0","-0.2","6.16","108","148","113","148","304","324","305"
"3",474568,"Jordy Mercer","448","0.7","1.000","3.000","null","4.000","1.993","1.204","0.679","3","3","101.9","28.3","2458","84.3","82.60","0","3","0","-1.7","5.43","114","153","113","150","290","318","285"
"3",602922,"Jose Rondon","647","0.5","1.000","3.000","null","4.000","1.993","0.825","0.516","3","3","99.6","27.0","2368","88.9","88.94","0","3","0","0.0","6.17","111","149","115","146","289","324","291"
"3",647304,"Josh Naylor","435","0.7","1.000","3.000","null","4.000","1.993","1.293","0.806","3","3","105.8","21.3","2283","91.5","91.30","0","3","0","-0.2","6.00","113","151","117","158","294","322","310"
"3",592261,"Delino DeShields","900","0.3","1.000","3.000","null","4.000","1.993","0.825","0.472","3","3","98.7","27.7","2281","83.3","82.42","0","3","0","-0.9","5.73","100","142","95","146","305","318","281"
"3",543829,"Dee Gordon","1002","0.3","1.000","3.000","null","4.000","1.993","0.407","0.221","3","3","95.8","32.0","2333","83.3","82.62","0","3","0","-0.7","5.79","101","147","78","141","276","306","295"
"3",650859,"Luis Rengifo","1002","0.3","1.000","3.000","null","4.000","1.993","1.642","0.878","3","3","107.0","26.3","2231","90.2","89.67","0","3","0","-0.5","6.01","108","146","103","149","301","327","299"
"3",459964,"Matt Joyce","424","0.7","1.000","3.000","null","4.000","1.993","1.170","0.615","3","3","100.8","29.3","2205","92.9","92.56","0","3","0","-0.3","6.10","122","161","115","155","289","315","292"
"3",518586,"Charlie Culberson","303","1.0","1.000","3.000","null","4.000","1.993","0.805","0.521","3","3","99.7","23.3","2141","87.4","87.32","0","3","0","-0.1","6.03","88","144","112","144","307","319","278"
"3",502273,"Mike Freeman","399","0.8","1.000","3.000","null","4.000","1.993","0.547","0.272","3","3","99.0","34.3","2133","90.7","90.66","0","3","0","0.0","6.10","101","145","96","150","278","316","305"
"3",471865,"Carlos Gonzalez","635","0.5","1.000","3.000","null","4.000","1.993","1.317","0.702","3","3","102.4","28.3","2051","91.5","91.41","0","3","0","-0.1","6.14","112","143","105","151","289","320","303"
"3",460576,"Carlos Gomez","369","0.8","1.000","3.000","null","4.000","1.993","1.641","0.889","3","3","105.7","25.3","2388","94.8","94.70","0","3","0","-0.1","6.08","117","155","117","147","304","325","293"
"3",607043,"Brandon Nimmo","686","0.4","1.000","3.000","null","4.000","1.993","0.973","0.515","3","3","100.7","32.0","2347","88.8","88.22","0","3","0","-0.6","6.14","94","150","102","155","293","321","301"
"3",596103,"Austin Slater","258","1.2","1.000","3.000","null","4.000","1.993","0.854","0.453","3","3","99.3","31.7","2311","85.0","84.50","0","3","0","-0.5","6.02","114","147","113","146","304","312","285"
"3",425844,"Zack Greinke","164","1.8","1.000","3.000","null","4.000","1.993","1.228","0.743","3","3","103.3","22.7","2301","88.1","87.39","0","3","0","-0.7","5.77","111","150","102","147","291","314","291"
"3",475582,"Ryan Zimmerman","538","0.6","1.000","3.000","null","4.000","1.993","0.666","0.364","3","3","98.7","32.3","2190","84.3","84.26","0","3","0","0.0","6.05","111","154","119","150","306","316","292"
"3",506702,"Sandy Leon","528","0.6","1.000","3.000","null","4.000","1.993","0.446","0.254","3","3","95.3","31.0","2080","75.7","73.79","0","3","0","-1.9","4.90","109","151","125","147","275","310","300"
"3",642731,"Thairo Estrada","181","1.7","1.000","3.000","null","4.000","1.993","1.258","0.679","3","3","101.2","26.0","2355","87.7","87.01","0","3","0","-0.7","5.78","104","149","103","143","303","314","279"
"3",621512,"Tomas Nido","326","0.9","1.000","3.000","null","4.000","1.993","1.453","0.744","3","3","102.8","29.3","2161","88.7","87.97","0","3","0","-0.7","5.83","116","155","113","150","311","327","299"
"3",643603,"Tyler White","1122","0.3","1.000","3.000","null","4.000","1.993","1.387","0.748","3","3","102.3","27.3","2336","93.9","94.01","0","3","0","0.1","6.32","99","148","111","145","294","332","288"
"3",553902,"Willians Astudillo","403","0.7","1.000","3.000","null","4.000","1.993","1.668","0.857","3","3","103.5","27.7","2479","88.8","88.02","0","3","0","-0.8","5.65","112","155","121","149","302","325","288"
"3",669257,"Will Smith","132","2.3","1.000","3.000","null","4.000","1.993","0.837","0.437","3","3","100.4","34.0","1989","84.9","85.04","0","3","0","0.1","6.27","108","152","123","146","300","325","292"
"3",594824,"Greg Garcia","907","0.3","1.000","3.000","null","4.000","1.993","1.260","0.644","3","3","102.9","29.0","2336","84.6","84.09","0","3","0","-0.5","5.69","111","147","108","148","290","317","305"
"2",572365,"Ryan Goins","98","2.0","1.000","3.000","null","4.000","1.993","0.590","0.313","2","2","97.5","32.0","2286","92.0","92.68","0","2","0","0.7","6.38","101","145","103","145","278","313","308"
"2",543432,"Ryan Lavarnway","64","3.1","1.000","3.000","null","4.000","1.993","1.102","0.586","2","2","100.1","28.5","2117","91.8","92.80","0","2","0","1.0","6.53","87","138","100","138","296","305","279"
"2",501571,"Juan Lagares","619","0.3","1.000","3.000","null","4.000","1.993","1.428","0.820","2","2","103.8","23.5","2255","92.2","90.22","0","2","0","-2.0","5.31","108","155","107","151","302","319","294"
"2",642165,"Josh VanMeter","283","0.7","1.000","3.000","null","4.000","1.993","1.121","0.579","2","2","100.6","29.0","2231","92.3","91.55","0","2","0","-0.7","5.82","124","160","121","148","296","309","293"
"2",656514,"Adam Haseley","189","1.1","1.000","3.000","null","4.000","1.993","1.102","0.578","2","2","100.6","31.0","2166","92.1","92.79","0","2","0","0.7","6.43","128","148","141","155","286","319","300"
"2",570560,"Yolmer Sanchez","1272","0.2","1.000","3.000","null","4.000","1.993","0.415","0.228","2","2","94.2","31.0","2047","89.0","88.21","0","2","0","-0.8","5.89","107","157","97","152","294","320","299"
"2",518614,"Daniel Descalso","784","0.3","1.000","3.000","null","4.000","1.993","1.560","0.813","2","2","102.9","26.5","2104","92.1","92.40","0","2","0","0.3","6.33","115","146","103","150","292","319","294"
"2",434670,"Hanley Ramirez","230","0.9","1.000","3.000","null","4.000","1.993","1.526","0.876","2","2","113.5","22.5","2308","92.7","91.53","0","2","0","-1.2","5.60","111","152","114","148","300","323","291"
"2",456781,"Donovan Solano","466","0.4","1.000","3.000","null","4.000","1.993","1.562","0.808","2","2","102.7","27.5","2360","84.7","84.75","0","2","0","0.1","5.96","122","157","117","149","304","328","297"
"2",572863,"Dustin Garneau","286","0.7","1.000","3.000","null","4.000","1.993","1.673","0.881","2","2","103.9","26.0","2429","95.4","95.28","0","2","0","-0.1","6.12","114","155","122","151","316","295","289"
"2",592407,"Bryan Holaday","256","0.8","1.000","3.000","null","4.000","1.993","0.606","0.472","2","2","99.8","21.0","2157","91.8","92.15","0","2","0","0.3","6.35","99","150","118","147","298","315","288"
"2",607752,"Sam Travis","175","1.1","1.000","3.000","null","4.000","1.993","0.930","0.538","2","2","100.6","28.5","2091","83.2","82.98","0","2","0","-0.2","6.08","99","154","113","145","309","328","299"
"2",456488,"Eduardo Nunez","596","0.3","1.000","3.000","null","4.000","1.993","1.403","0.803","2","2","102.8","24.0","2466","88.1","87.38","0","2","0","-0.7","5.84","93","148","110","146","307","332","285"
"2",628338,"Guillermo Heredia","616","0.3","1.000","3.000","null","4.000","1.993","1.792","0.945","2","2","106.5","24.0","2195","90.2","90.21","0","2","0","0.0","6.18","110","154","118","147","298","313","283"
"2",519222,"Austin Romine","459","0.4","1.000","3.000","null","4.000","1.993","1.231","0.733","2","2","103.5","24.5","1984","82.3","81.42","0","2","0","-0.9","5.37","104","152","121","143","303","314","288"
"2",664034,"Ty France","440","0.5","1.000","3.000","null","4.000","1.993","1.337","0.708","2","2","101.4","28.0","2465","90.2","89.28","0","2","0","-0.9","5.85","119","146","118","147","303","318","294"
"2",594988,"Scott Schebler","377","0.5","1.000","3.000","null","4.000","1.993","1.428","0.763","2","2","102.0","27.5","2327","89.5","88.75","0","2","0","-0.7","5.71","121","146","122","152","290","313","304"
"2",542932,"Jon Berti","276","0.7","1.000","3.000","null","4.000","1.993","1.469","0.775","2","2","103.4","27.5","2058","91.3","91.15","0","2","0","-0.1","6.18","122","154","112","146","303","317","294"
"2",542255,"Ender Inciarte","565","0.4","1.000","3.000","null","4.000","1.993","0.924","0.494","2","2","99.4","29.5","2271","78.9","77.86","0","2","0","-1.0","5.31","110","152","92","152","282","314","307"
"2",446481,"Sean Rodriguez","302","0.7","1.000","3.000","null","4.000","1.993","1.684","0.871","2","2","105.1","29.0","2340","80.7","79.99","0","2","0","-0.7","5.69","105","155","112","151","311","323","291"
"2",573135,"Tyler Saladino","254","0.8","1.000","3.000","null","4.000","1.993","1.335","0.687","2","2","103.5","30.0","2246","92.2","91.20","0","2","0","-1.0","5.74","119","147","115","148","301","323","293"
"2",595909,"Jake Cave","396","0.5","1.000","3.000","null","4.000","1.993","1.092","0.581","2","2","100.9","30.5","2248","87.7","87.59","0","2","0","-0.1","5.94","114","148","110","154","287","318","306"
"2",657061,"Cole Tucker","473","0.4","1.000","3.000","null","4.000","1.993","1.321","0.721","2","2","102.9","28.0","2475","90.7","89.59","0","2","0","-1.1","5.62","100","148","105","150","288","311","290"
"2",572073,"Joey Rickard","566","0.4","1.000","3.000","null","4.000","1.993","0.590","0.354","2","2","96.6","30.0","2229","91.8","90.75","0","2","0","-1.1","5.76","100","144","110","156","308","308","280"
"2",664247,"Kyle Garlick","138","1.4","1.000","3.000","null","4.000","1.993","1.462","0.778","2","2","102.5","27.0","2462","89.0","88.42","0","2","0","-0.6","5.79","113","150","116","149","297","313","292"
"2",621002,"Daniel Robertson","864","0.2","1.000","3.000","null","4.000","1.993","1.242","0.643","2","2","104.6","31.0","2329","92.9","91.85","0","2","0","-1.0","5.68","117","150","120","149","291","321","294"
"2",621573,"Austin Dean","343","0.6","1.000","3.000","null","4.000","1.993","1.285","0.754","2","2","102.7","24.5","2135","93.4","93.44","0","2","0","0.0","6.22","100","153","118","150","308","321","287"
"2",608700,"Kevin Plawecki","422","0.5","1.000","3.000","null","4.000","1.993","1.297","0.725","2","2","103.8","27.5","2317","93.5","94.74","0","2","0","1.2","6.71","112","154","126","146","293","319","287"
"2",593523,"Marco Hernandez","204","1.0","1.000","3.000","null","4.000","1.993","0.773","0.429","2","2","96.7","27.0","2181","90.5","89.05","0","2","0","-1.5","5.58","117","151","90","150","288","330","308"
"2",572008,"Chris Owings","571","0.4","1.000","3.000","null","4.000","1.993","1.136","0.690","2","2","102.9","22.0","2247","91.0","90.65","0","2","0","-0.4","6.18","95","151","114","143","304","331","290"
"2",620439,"Franklin Barreto","165","1.2","1.000","3.000","null","4.000","1.993","1.387","0.736","2","2","103.2","25.0","2128","81.3","79.91","0","2","0","-1.4","5.23","110","148","109","148","291","311","277"
"2",607345,"Kevan Smith","438","0.5","1.000","3.000","null","4.000","1.993","1.141","0.610","2","2","100.4","30.0","2151","93.2","92.03","0","2","0","-1.2","5.68","103","153","112","145","304","323","287"
"2",425772,"Jeff Mathis","698","0.3","1.000","3.000","null","4.000","1.993","0.914","0.561","2","2","99.8","25.0","2505","90.2","89.46","0","2","0","-0.7","5.93","114","152","102","149","305","328","276"
"2",572816,"Corey Dickerson","553","0.4","1.000","3.000","null","4.000","1.993","0.182","0.107","2","2","93.0","34.0","2390","93.8","92.96","0","2","0","-0.8","5.91","127","148","117","149","281","316","302"
"2",594694,"Wilmer Difo","512","0.4","1.000","3.000","null","4.000","1.993","0.542","0.293","2","2","98.3","32.0","2279","90.0","88.05","0","2","0","-2.0","5.15","115","147","117","148","290","309","288"
"2",527038,"Wilmer Flores","569","0.4","1.000","3.000","null","4.000","1.993","1.171","0.600","2","2","102.2","30.5","2164","89.3","89.29","0","2","0","0.0","6.36","108","154","122","149","300","320","292"
"2",576397,"Jedd Gyorko","260","0.8","1.000","3.000","null","4.000","1.993","1.382","0.678","2","2","104.4","34.5","2572","87.5","87.74","0","2","0","0.2","6.19","101","147","118","145","304","332","292"
"2",640447,"Phillip Ervin","417","0.5","1.000","3.000","null","4.000","1.993","0.444","0.242","2","2","97.1","38.0","2032","91.4","91.72","0","2","0","0.3","6.49","117","151","112","146","294","312","287"
"2",434778,"Kendrys Morales","833","0.2","1.000","3.000","null","4.000","1.993","1.903","0.962","2","2","108.4","27.0","2372","93.1","92.21","0","2","0","-0.9","5.82","121","175","129","154","299","328","298"
"2",624414,"Christian Arroyo","231","0.9","1.000","3.000","null","4.000","1.993","1.557","0.811","2","2","104.5","26.0","1516","73.7","73.11","0","2","0","-0.6","6.16","103","155","123","145","294","323","287"
"2",622168,"Yairo Munoz","441","0.5","1.000","3.000","null","4.000","1.993","1.038","0.568","2","2","99.7","27.0","2348","88.5","87.55","0","2","0","-1.0","5.76","116","150","115","147","317","321","278"
"2",605612,"Harold Castro","568","0.4","1.000","3.000","null","4.000","1.993","1.191","0.654","2","2","100.5","26.0","2041","84.4","84.78","0","2","0","0.4","6.22","123","149","93","153","276","305","290"
"2",571875,"Jake Lamb","375","0.5","1.000","3.000","null","4.000","1.993","0.683","0.387","2","2","97.9","30.0","2396","89.1","89.15","0","2","0","0.1","6.29","107","155","132","150","297","327","307"
"2",594011,"Rosell Herrera","484","0.4","1.000","3.000","null","4.000","1.993","1.403","0.822","2","2","105.2","24.0","2346","93.6","93.30","0","2","0","-0.3","6.12","117","153","117","152","299","319","297"
"2",571912,"Luke Maile","468","0.4","1.000","3.000","null","4.000","1.993","1.178","0.596","2","2","100.6","29.5","2268","91.3","90.84","0","2","0","-0.5","6.07","99","142","115","145","286","325","282"
"2",592789,"Noah Syndergaard","192","1.0","1.000","3.000","null","4.000","1.993","1.549","0.771","2","2","103.3","31.0","2172","92.6","93.03","0","2","0","0.4","6.39","118","161","112","152","276","317","303"
"2",607333,"Beau Taylor","108","1.9","1.000","3.000","null","4.000","1.993","1.391","0.747","2","2","101.3","28.5","2061","91.7","91.57","0","2","0","-0.1","5.95","122","161","138","152","292","317","309"
"2",608384,"Nick Williams","420","0.5","1.000","3.000","null","4.000","1.993","1.868","0.963","2","2","107.5","26.0","2234","83.5","83.97","0","2","0","0.5","6.37","124","147","107","154","288","330","306"
"2",431145,"Russell Martin","713","0.3","1.000","3.000","null","4.000","1.993","1.608","0.812","2","2","104.2","28.0","2208","91.4","90.59","0","2","0","-0.8","5.55","112","151","120","144","312","330","296"
"2",460026,"Nick Hundley","264","0.8","1.000","3.000","null","4.000","1.993","0.876","0.496","2","2","98.1","28.5","2415","87.1","87.67","0","2","0","0.6","6.40","105","149","121","144","298","322","280"
"2",666198,"Carter Kieboom","168","1.2","1.000","3.000","null","4.000","1.993","0.948","0.577","2","2","99.7","25.0","2174","85.3","86.04","0","2","0","0.7","6.41","118","155","113","149","315","313","299"
"2",605244,"Aramis Garcia","61","3.3","1.000","3.000","null","4.000","1.993","0.949","0.499","2","2","99.1","32.0","2244","87.8","87.47","0","2","0","-0.3","5.94","101","149","115","143","293","314","286"
"2",656185,"Greg Allen","416","0.5","1.000","3.000","null","4.000","1.993","1.362","0.700","2","2","101.7","27.5","2336","90.2","90.10","0","2","0","-0.1","6.17","104","143","104","148","269","323","295"
"2",650333,"Luis Arraez","590","0.3","1.000","3.000","null","4.000","1.993","0.886","0.481","2","2","100.1","30.5","1745","87.7","87.17","0","2","0","-0.5","5.88","118","149","104","152","284","309","293"
"1",500208,"Yangervis Solarte","311","0.3","1.000","3.000","null","4.000","1.993","0.493","0.258","1","1","95.9","32.0","2458","83.2","82.13","0","1","0","-1.1","5.18","87","139","108","151","295","327","309"
"1",670032,"Nicky Lopez","907","0.1","1.000","3.000","null","4.000","1.993","1.591","0.874","1","1","104.0","24.0","null","null","null","0","1","0","null","null","null","null","null","null","null","null","null"
"1",547170,"Nicky Delmonico","294","0.3","1.000","3.000","null","4.000","1.993","1.024","0.524","1","1","98.7","30.0","2535","83.3","84.34","0","1","0","1.0","6.41","85","134","89","144","290","324","290"
"1",595956,"Cam Gallagher","478","0.2","1.000","3.000","null","4.000","1.993","0.746","0.413","1","1","98.0","29.0","2074","90.7","90.94","0","1","0","0.2","6.36","116","151","124","153","302","302","277"
"1",546318,"Odubel Herrera","533","0.2","1.000","3.000","null","4.000","1.993","0.520","0.300","1","1","97.1","31.0","2256","89.0","88.78","0","1","0","-0.2","6.02","85","139","91","144","281","326","297"
"1",595453,"Chad Wallach","219","0.5","1.000","3.000","null","4.000","1.993","1.701","0.842","1","1","105.1","32.0","2644","93.1","93.68","0","1","0","0.6","6.64","118","155","121","148","299","319","283"
"1",605490,"Bubba Starling","135","0.7","1.000","3.000","null","4.000","1.993","1.591","0.874","1","1","103.6","24.0","2419","94.0","92.48","0","1","0","-1.5","5.30","114","152","118","149","288","298","292"
"1",642162,"Pat Valaika","199","0.5","1.000","3.000","null","4.000","1.993","0.984","0.479","1","1","101.1","34.0","1599","78.8","79.96","0","1","0","1.2","6.56","99","146","109","151","308","326","297"
"1",645801,"Mike Ford","164","0.6","1.000","3.000","null","4.000","1.993","1.231","0.810","1","1","104.7","21.0","2607","91.0","91.38","0","1","0","0.4","6.47","86","151","119","150","292","315","297"
"1",571788,"Brock Holt","603","0.2","1.000","3.000","null","4.000","1.993","1.674","0.845","1","1","103.0","27.0","2177","92.1","91.33","0","1","0","-0.8","5.74","84","145","88","141","304","322","304"
"1",500743,"Miguel Rojas","1348","0.1","1.000","3.000","null","4.000","1.993","0.959","0.592","1","1","100.0","25.0","1565","83.7","84.71","0","1","0","1.0","6.35","111","152","120","148","319","311","273"
"1",605508,"Charlie Tilson","595","0.2","1.000","3.000","null","4.000","1.993","1.215","0.732","1","1","102.0","24.0","2376","97.9","97.90","0","1","0","0.0","6.45","118","149","103","148","272","300","306"
"1",598284,"Peter O'Brien","197","0.5","1.000","3.000","null","4.000","1.993","1.448","0.724","1","1","104.3","33.0","2419","94.3","93.35","0","1","0","-1.0","5.74","111","155","106","148","295","331","303"
"1",545358,"Max Stassi","343","0.3","1.000","3.000","null","4.000","1.993","0.984","0.479","1","1","101.3","34.0","2265","93.2","93.13","0","1","0","-0.1","6.44","99","153","113","148","296","322","301"
"1",621559,"Max Moroff","139","0.7","1.000","3.000","null","4.000","1.993","1.422","0.834","1","1","105.1","22.0","2536","80.9","79.59","0","1","0","-1.3","5.62","118","148","143","156","274","315","299"
"1",434658,"Rajai Davis","29","3.4","1.000","3.000","null","4.000","1.993","1.472","0.855","1","1","103.8","23.0","2250","93.9","93.65","0","1","0","-0.2","6.23","118","154","119","148","298","322","289"
"1",543302,"Chris Herrmann","152","0.7","1.000","3.000","null","4.000","1.993","1.297","0.610","1","1","105.0","37.0","2121","92.4","92.14","0","1","0","-0.3","6.10","88","131","88","141","283","322","303"
"1",642136,"Matt Thaiss","133","0.8","1.000","3.000","null","4.000","1.993","1.076","0.758","1","1","105.2","20.0","2439","93.5","91.42","0","1","0","-2.1","5.11","100","149","99","147","296","310","287"
"1",461314,"Matt Kemp","231","0.4","1.000","3.000","null","4.000","1.993","1.221","0.650","1","1","100.4","27.0","2191","91.1","90.66","0","1","0","-0.4","6.10","106","146","116","136","293","304","280"
"1",641470,"Zack Collins","150","0.7","1.000","3.000","null","4.000","1.993","1.558","0.779","1","1","102.9","30.0","2137","83.7","82.97","0","1","0","-0.7","5.89","124","169","110","148","287","320","300"
"1",445988,"Martin Prado","666","0.2","1.000","3.000","null","4.000","1.993","0.605","0.413","1","1","97.9","23.0","2180","93.1","94.56","0","1","0","1.5","6.86","121","152","121","148","299","311","268"
"1",656252,"Bobby Bradley","191","0.5","1.000","3.000","null","4.000","1.993","1.993","0.992","1","1","113.5","25.0","2262","93.5","93.30","0","1","0","-0.2","6.05","122","176","149","153","294","332","318"
"1",596451,"Roman Quinn","248","0.4","1.000","3.000","null","4.000","1.993","1.898","0.940","1","1","105.7","28.0","2364","92.3","92.94","0","1","0","0.6","6.49","88","134","91","145","294","320","271"
"1",518516,"Madison Bumgarner","196","0.5","1.000","3.000","null","4.000","1.993","1.277","0.632","1","1","104.0","35.0","2023","87.6","88.26","0","1","0","0.7","6.41","85","153","110","139","293","317","286"
"1",596133,"Luke Weaver","72","1.4","1.000","3.000","null","4.000","1.993","0.624","0.382","1","1","97.3","27.0","2272","95.3","95.46","0","1","0","0.2","6.06","110","153","114","145","284","306","273"
"1",657041,"Lane Thomas","58","1.7","1.000","3.000","null","4.000","1.993","1.149","0.563","1","1","100.8","32.0","2403","87.3","86.76","0","1","0","-0.5","5.80","113","151","116","148","309","311","297"
"1",643418,"Shed Long","319","0.3","1.000","3.000","null","4.000","1.993","0.270","0.163","1","1","94.5","35.0","2239","77.0","77.38","0","1","0","0.4","6.54","109","141","111","141","269","304","284"
"1",608686,"Jack Mayfield","152","0.7","1.000","3.000","null","4.000","1.993","1.340","0.763","1","1","101.9","25.0","2170","86.2","84.87","0","1","0","-1.3","5.39","111","151","92","148","287","312","275"
"1",544931,"Stephen Strasburg","201","0.5","1.000","3.000","null","4.000","1.993","1.775","0.926","1","1","104.7","25.0","2164","92.3","93.05","0","1","0","0.7","6.47","120","156","116","153","304","312","281"
"1",658792,"Aaron Wilkerson","3","33.3","1.000","3.000","null","4.000","1.993","0.624","0.382","1","1","97.0","27.0","1914","91.1","92.18","0","1","0","1.1","6.70","89","146","110","149","280","294","261"
"1",571927,"Steven Matz","97","1.0","1.000","3.000","null","4.000","1.993","1.552","0.847","1","1","102.5","25.0","1737","78.7","79.80","0","1","0","1.1","6.81","119","155","105","150","282","300","276"
"1",456665,"Steve Pearce","441","0.2","1.000","3.000","null","4.000","1.993","0.813","0.408","1","1","100.1","34.0","null","74.7","73.85","0","1","0","-0.8","6.19","88","153","118","146","322","326","296"
"1",543699,"Tanner Roark","110","0.9","1.000","3.000","null","4.000","1.993","1.289","0.671","1","1","100.6","29.0","1863","92.7","94.13","0","1","0","1.4","6.90","124","149","109","150","291","298","273"
"1",664199,"Taylor Clarke","76","1.3","1.000","3.000","null","4.000","1.993","0.849","0.629","1","1","101.7","21.0","2291","91.4","92.29","0","1","0","0.9","6.37","129","154","113","145","298","323","285"
"1",543089,"Taylor Davis","75","1.3","1.000","3.000","null","4.000","1.993","1.785","0.895","1","1","103.9","27.0","2022","89.8","90.93","0","1","0","1.1","6.57","110","141","109","140","294","322","275"
"1",642721,"Kelvin Gutierrez","314","0.3","1.000","3.000","null","4.000","1.993","0.525","0.258","1","1","96.9","33.0","2364","96.3","96.79","0","1","0","0.5","6.61","86","150","108","145","289","310","281"
"1",607732,"Jacob Stallings","247","0.4","1.000","3.000","null","4.000","1.993","1.262","0.616","1","1","102.1","33.0","2307","93.5","92.90","0","1","0","-0.6","6.16","116","154","128","150","295","326","296"
"1",608475,"Dawel Lugo","307","0.3","1.000","3.000","null","4.000","1.993","1.215","0.732","1","1","101.8","24.0","2149","92.7","92.12","0","1","0","-0.6","5.81","107","149","120","150","292","331","298"
"1",605233,"Derek Fisher","228","0.4","1.000","3.000","null","4.000","1.993","1.213","0.813","1","1","110.3","18.0","2182","96.9","96.81","0","1","0","-0.1","6.16","124","149","93","164","301","369","300"
"1",668800,"Andrew Knizner","92","1.1","1.000","3.000","null","4.000","1.993","1.674","0.845","1","1","103.4","27.0","2064","91.1","91.81","0","1","0","0.7","6.57","118","154","119","148","320","309","291"
"1",595885,"Greg Bird","206","0.5","1.000","3.000","null","4.000","1.993","1.763","0.876","1","1","108.0","34.0","2516","81.6","81.25","0","1","0","-0.4","6.15","129","155","187","145","296","326","298"
"1",595284,"Andrew Knapp","405","0.2","1.000","3.000","null","4.000","1.993","1.482","0.753","1","1","101.5","28.0","1574","84.8","86.33","0","1","0","1.5","6.89","127","152","107","153","298","325","293"
"1",543281,"Josh Harrison","540","0.2","1.000","3.000","null","4.000","1.993","1.823","0.929","1","1","105.0","26.0","1995","90.0","88.81","0","1","0","-1.2","5.85","103","153","91","150","302","328","286"
"1",547172,"Tony Wolters","949","0.1","1.000","3.000","null","4.000","1.993","0.259","0.147","1","1","93.3","31.0","2080","91.8","91.38","0","1","0","-0.4","5.84","122","149","119","152","280","312","291"
"1",571437,"Aaron Altherr","182","0.5","1.000","3.000","null","4.000","1.993","1.974","0.987","1","1","111.9","24.0","2368","94.3","92.19","0","1","0","-2.1","6.12","112","154","118","149","301","334","303"
"1",641553,"Adam Engel","315","0.3","1.000","3.000","null","4.000","1.993","1.865","0.950","1","1","105.7","26.0","2341","92.0","91.80","0","1","0","-0.2","5.83","104","154","107","146","297","318","291"
"1",453064,"Troy Tulowitzki","61","1.6","1.000","3.000","null","4.000","1.993","0.512","0.295","1","1","98.2","32.0","1921","87.3","87.43","0","1","0","0.1","6.20","114","159","125","150","301","335","268"
"1",553869,"Elias Diaz","956","0.1","1.000","3.000","null","4.000","1.993","1.023","0.653","1","1","101.4","23.0","2324","83.8","83.54","0","1","0","-0.3","5.93","116","149","117","150","320","314","289"
"1",452657,"Jon Lester","139","0.7","1.000","3.000","null","4.000","1.993","0.266","0.142","1","1","99.1","39.0","2471","92.7","93.16","0","1","0","0.5","6.32","120","152","125","153","292","326","287"
"1",456124,"Erik Kratz","188","0.5","1.000","3.000","null","4.000","1.993","0.440","0.250","1","1","96.5","34.0","2443","84.7","83.25","0","1","0","-1.5","5.01","103","156","116","148","299","338","311"
"1",641924,"Jacob Nottingham","26","3.8","1.000","3.000","null","4.000","1.993","0.360","0.197","1","1","98.7","37.0","2650","87.0","85.62","0","1","0","-1.4","5.19","113","152","110","151","319","322","284"
"1",641505,"Jonathan Davis","213","0.5","1.000","3.000","null","4.000","1.993","1.823","0.929","1","1","105.0","26.0","2498","93.1","92.18","0","1","0","-0.9","5.90","85","151","113","146","290","319","282"
"1",592826,"Vince Velasquez","65","1.5","1.000","3.000","null","4.000","1.993","0.270","0.163","1","1","95.5","35.0","2295","78.3","77.50","0","1","0","-0.8","5.58","114","152","107","149","298","315","277"
"1",465041,"Francisco Cervelli","489","0.2","1.000","3.000","null","4.000","1.993","0.774","0.568","1","1","99.7","22.0","2242","93.9","95.00","0","1","0","1.1","6.69","114","150","111","150","289","310","284"
"1",621111,"Walker Buehler","191","0.5","1.000","3.000","null","4.000","1.993","1.591","0.874","1","1","104.5","24.0","2113","91.8","92.91","0","1","0","1.1","6.65","126","150","107","149","301","305","265"
"1",468504,"Jhoulys Chacin","116","0.9","1.000","3.000","null","4.000","1.993","0.859","0.595","1","1","99.9","24.0","2278","85.1","85.48","0","1","0","0.4","6.31","126","150","108","148","286","302","259"
"1",607223,"AJ Reed","133","0.8","1.000","3.000","null","4.000","1.993","1.932","0.958","1","1","106.7","29.0","2171","81.4","80.02","0","1","0","-1.4","4.99","131","181","110","147","302","328","319"
"1",594798,"Jacob deGrom","176","0.6","1.000","3.000","null","4.000","1.993","1.020","0.490","1","1","102.4","35.0","2201","89.7","89.46","0","1","0","-0.2","6.29","120","150","94","151","284","309","295"
"1",643396,"Isiah Kiner-Falefa","485","0.2","1.000","3.000","null","4.000","1.993","1.414","0.724","1","1","102.4","29.0","2533","96.6","95.15","0","1","0","-1.5","5.68","118","154","114","151","301","316","299"
"1",554430,"Zack Wheeler","136","0.7","1.000","3.000","null","4.000","1.993","1.149","0.563","1","1","101.4","32.0","2045","92.1","92.77","0","1","0","0.7","6.68","125","148","115","154","271","309","299"
"1",641658,"Garrett Hampson","691","0.1","1.000","3.000","null","4.000","1.993","0.493","0.258","1","1","95.6","32.0","2278","85.9","85.26","0","1","0","-0.6","5.66","122","155","119","149","305","317","286"
"1",519317,"Giancarlo Stanton","175","0.6","1.000","3.000","null","4.000","1.993","1.999","0.992","1","1","111.1","25.0","2045","84.8","84.41","0","1","0","-0.4","6.01","110","155","135","151","325","334","292"